#
# There is insufficient memory for the Java Runtime Environment to continue.
# Native memory allocation (malloc) failed to allocate 32744 bytes. Error detail: Chunk::new
# Possible reasons:
#   The system is out of physical RAM or swap space
#   This process is running with CompressedOops enabled, and the Java Heap may be blocking the growth of the native heap
# Possible solutions:
#   Reduce memory load on the system
#   Increase physical memory or swap space
#   Check if swap backing store is full
#   Decrease Java heap size (-Xmx/-Xms)
#   Decrease number of Java threads
#   Decrease Java thread stack sizes (-Xss)
#   Set larger code cache with -XX:ReservedCodeCacheSize=
#   JVM is running with Unscaled Compressed Oops mode in which the Java heap is
#     placed in the first 4GB address space. The Java Heap base address is the
#     maximum limit for the native heap growth. Please use -XX:HeapBaseMinAddress
#     to set the Java Heap base and to place the Java Heap above 4GB virtual address.
# This output file may be truncated or incomplete.
#
#  Out of Memory Error (arena.cpp:168), pid=31772, tid=34312
#
# JRE version: OpenJDK Runtime Environment (21.0.10) (build 21.0.10+-14961533-b1163.108)
# Java VM: OpenJDK 64-Bit Server VM (21.0.10+-14961533-b1163.108, mixed mode, tiered, compressed oops, compressed class ptrs, g1 gc, windows-amd64)
# No core dump will be written. Minidumps are not enabled by default on client versions of Windows
#

---------------  S U M M A R Y ------------

Command Line: --add-opens=java.base/java.lang=ALL-UNNAMED --add-opens=java.base/java.lang.invoke=ALL-UNNAMED --add-opens=java.base/java.util=ALL-UNNAMED --add-opens=java.prefs/java.util.prefs=ALL-UNNAMED --add-exports=jdk.compiler/com.sun.tools.javac.api=ALL-UNNAMED --add-exports=jdk.compiler/com.sun.tools.javac.util=ALL-UNNAMED --add-opens=java.base/java.nio.charset=ALL-UNNAMED --add-opens=java.base/java.net=ALL-UNNAMED --add-opens=java.base/java.util.concurrent=ALL-UNNAMED --add-opens=java.base/java.util.concurrent.atomic=ALL-UNNAMED --add-opens=java.xml/javax.xml.namespace=ALL-UNNAMED --add-opens=java.base/java.time=ALL-UNNAMED -Xmx2048m -Dfile.encoding=UTF-8 -Duser.country=FR -Duser.language=fr -Duser.variant -javaagent:C:\Users\eliza\.gradle\wrapper\dists\gradle-9.5.0-bin\bvnork1r7n8i6kp5cnkibsc9q\gradle-9.5.0\lib\agents\gradle-instrumentation-agent-9.5.0.jar org.gradle.launcher.daemon.bootstrap.GradleDaemon 9.5.0

Host: 11th Gen Intel(R) Core(TM) i5-11260H @ 2.60GHz, 12 cores, 31G,  Windows 11 , 64 bit Build 26100 (10.0.26100.8875)
Time: Thu Jul 30 18:48:29 2026 elapsed time: 10698.587229 seconds (0d 2h 58m 18s)

---------------  T H R E A D  ---------------

Current thread (0x000001c6f49588e0):  JavaThread "C2 CompilerThread0" daemon [_thread_in_native, id=34312, stack(0x00000034af600000,0x00000034af700000) (1024K)]


Current CompileTask:
C2:10698587 23272       4       java.io.ObjectInputStream::readClassDesc (121 bytes)

Stack: [0x00000034af600000,0x00000034af700000]
Native frames: (J=compiled Java code, j=interpreted, Vv=VM code, C=native code)
V  [jvm.dll+0x6d78a9]
V  [jvm.dll+0x8665b3]
V  [jvm.dll+0x868bde]
V  [jvm.dll+0x8692c3]
V  [jvm.dll+0x280ee6]
V  [jvm.dll+0xc07cd]
V  [jvm.dll+0xc0d03]
V  [jvm.dll+0x396cf5]
V  [jvm.dll+0x6f48d7]
V  [jvm.dll+0x6f46db]
V  [jvm.dll+0x6efb9d]
V  [jvm.dll+0x6e9f6b]
V  [jvm.dll+0x6e9412]
V  [jvm.dll+0x6e75da]
V  [jvm.dll+0x1ca8bc]
V  [jvm.dll+0x1cb46a]
V  [jvm.dll+0x2f5374]
V  [jvm.dll+0x6f1d16]
V  [jvm.dll+0x6e9f6b]
V  [jvm.dll+0x6e9412]
V  [jvm.dll+0x6e75da]
V  [jvm.dll+0x1ca8bc]
V  [jvm.dll+0x1cb46a]
V  [jvm.dll+0x2f5374]
V  [jvm.dll+0x6f1d16]
V  [jvm.dll+0x6e9f6b]
V  [jvm.dll+0x6e9412]
V  [jvm.dll+0x6e75da]
V  [jvm.dll+0x1ca8bc]
V  [jvm.dll+0x1cb46a]
V  [jvm.dll+0x2f5374]
V  [jvm.dll+0x6f1d16]
V  [jvm.dll+0x6e9f6b]
V  [jvm.dll+0x6e9412]
V  [jvm.dll+0x6e75da]
V  [jvm.dll+0x1ca8bc]
V  [jvm.dll+0x1cb46a]
V  [jvm.dll+0x2f5374]
V  [jvm.dll+0x6f1d16]
V  [jvm.dll+0x6e9f6b]
V  [jvm.dll+0x6e9412]
V  [jvm.dll+0x6e75da]
V  [jvm.dll+0x1ca8bc]
V  [jvm.dll+0x248d3d]
V  [jvm.dll+0x1c76e4]
V  [jvm.dll+0x25891e]
V  [jvm.dll+0x256e66]
V  [jvm.dll+0x3f513e]
V  [jvm.dll+0x80fd28]
V  [jvm.dll+0x6d60fd]
C  [ucrtbase.dll+0x2cd30]
C  [KERNEL32.DLL+0x2e957]
C  [ntdll.dll+0xaad6c]


---------------  P R O C E S S  ---------------

Threads class SMR info:
_java_thread_list=0x000001c680fbf9a0, length=46, elements={
0x000001c6dcbd0f00, 0x000001c6f49020c0, 0x000001c6f491df70, 0x000001c6f49205f0,
0x000001c6f494c000, 0x000001c6f494c670, 0x000001c6f494f0e0, 0x000001c6f4957b50,
0x000001c6f49588e0, 0x000001c6f495f510, 0x000001c6f9129be0, 0x000001c6fac34490,
0x000001c6fbc6ef20, 0x000001c6fbe93660, 0x000001c6fbc20920, 0x000001c6fbc1eee0,
0x000001c6fbc1f570, 0x000001c6fefb3550, 0x000001c6fefb00d0, 0x000001c6fefb3be0,
0x000001c6fefb0760, 0x000001c6fefb1480, 0x000001c6fefb1b10, 0x000001c6fefb4270,
0x000001c6fefb0df0, 0x000001c6fefb6340, 0x000001c6fefb4900, 0x000001c6fefb69d0,
0x000001c6fefb7060, 0x000001c6fefb76f0, 0x000001c6fefb4f90, 0x000001c6fdaca2b0,
0x000001c6feaf4bb0, 0x000001c6feaf93e0, 0x000001c688035b90, 0x000001c6fce578f0,
0x000001c6860bff90, 0x000001c6fce57f80, 0x000001c6fce58ca0, 0x000001c6fce56540,
0x000001c6feaf1dc0, 0x000001c6feaf7310, 0x000001c6feaf3e90, 0x000001c6feaf8030,
0x000001c6feaf79a0, 0x000001c6feaf86c0
}

Java Threads: ( => current thread )
  0x000001c6dcbd0f00 JavaThread "main"                              [_thread_blocked, id=31236, stack(0x00000034ae700000,0x00000034ae800000) (1024K)]
  0x000001c6f49020c0 JavaThread "Common-Cleaner"             daemon [_thread_blocked, id=35844, stack(0x00000034aef00000,0x00000034af000000) (1024K)]
  0x000001c6f491df70 JavaThread "Reference Handler"          daemon [_thread_blocked, id=16464, stack(0x00000034af000000,0x00000034af100000) (1024K)]
  0x000001c6f49205f0 JavaThread "Finalizer"                  daemon [_thread_blocked, id=6672, stack(0x00000034af100000,0x00000034af200000) (1024K)]
  0x000001c6f494c000 JavaThread "Signal Dispatcher"          daemon [_thread_blocked, id=29608, stack(0x00000034af200000,0x00000034af300000) (1024K)]
  0x000001c6f494c670 JavaThread "Attach Listener"            daemon [_thread_blocked, id=30776, stack(0x00000034af300000,0x00000034af400000) (1024K)]
  0x000001c6f494f0e0 JavaThread "Service Thread"             daemon [_thread_blocked, id=19676, stack(0x00000034af400000,0x00000034af500000) (1024K)]
  0x000001c6f4957b50 JavaThread "Monitor Deflation Thread"   daemon [_thread_blocked, id=8336, stack(0x00000034af500000,0x00000034af600000) (1024K)]
=>0x000001c6f49588e0 JavaThread "C2 CompilerThread0"         daemon [_thread_in_native, id=34312, stack(0x00000034af600000,0x00000034af700000) (1024K)]
  0x000001c6f495f510 JavaThread "C1 CompilerThread0"         daemon [_thread_blocked, id=8448, stack(0x00000034af700000,0x00000034af800000) (1024K)]
  0x000001c6f9129be0 JavaThread "Notification Thread"        daemon [_thread_blocked, id=35352, stack(0x00000034af800000,0x00000034af900000) (1024K)]
  0x000001c6fac34490 JavaThread "Daemon health stats"               [_thread_blocked, id=2796, stack(0x00000034b0300000,0x00000034b0400000) (1024K)]
  0x000001c6fbc6ef20 JavaThread "Incoming local TCP Connector on port 55772"        [_thread_in_native, id=19664, stack(0x00000034b0400000,0x00000034b0500000) (1024K)]
  0x000001c6fbe93660 JavaThread "Daemon periodic checks"            [_thread_blocked, id=34764, stack(0x00000034b0500000,0x00000034b0600000) (1024K)]
  0x000001c6fbc20920 JavaThread "Cache worker for journal cache (C:\Users\eliza\.gradle\caches\journal-1)"        [_thread_blocked, id=11072, stack(0x00000034b0f00000,0x00000034b1000000) (1024K)]
  0x000001c6fbc1eee0 JavaThread "File lock request listener"        [_thread_in_native, id=18516, stack(0x00000034b1000000,0x00000034b1100000) (1024K)]
  0x000001c6fbc1f570 JavaThread "Cache worker for file hash cache (C:\Users\eliza\.gradle\caches\9.5.0\fileHashes)"        [_thread_blocked, id=38104, stack(0x00000034b1100000,0x00000034b1200000) (1024K)]
  0x000001c6fefb3550 JavaThread "File watcher server"        daemon [_thread_in_native, id=18524, stack(0x00000034b1500000,0x00000034b1600000) (1024K)]
  0x000001c6fefb00d0 JavaThread "File watcher consumer"      daemon [_thread_blocked, id=26800, stack(0x00000034b1600000,0x00000034b1700000) (1024K)]
  0x000001c6fefb3be0 JavaThread "jar transforms"                    [_thread_blocked, id=7116, stack(0x00000034b1700000,0x00000034b1800000) (1024K)]
  0x000001c6fefb0760 JavaThread "jar transforms Thread 2"           [_thread_blocked, id=8812, stack(0x00000034b1800000,0x00000034b1900000) (1024K)]
  0x000001c6fefb1480 JavaThread "jar transforms Thread 3"           [_thread_blocked, id=16140, stack(0x00000034b1900000,0x00000034b1a00000) (1024K)]
  0x000001c6fefb1b10 JavaThread "jar transforms Thread 4"           [_thread_blocked, id=34512, stack(0x00000034b1a00000,0x00000034b1b00000) (1024K)]
  0x000001c6fefb4270 JavaThread "jar transforms Thread 5"           [_thread_blocked, id=7980, stack(0x00000034b1b00000,0x00000034b1c00000) (1024K)]
  0x000001c6fefb0df0 JavaThread "jar transforms Thread 6"           [_thread_blocked, id=8320, stack(0x00000034b1c00000,0x00000034b1d00000) (1024K)]
  0x000001c6fefb6340 JavaThread "jar transforms Thread 7"           [_thread_blocked, id=34968, stack(0x00000034b1d00000,0x00000034b1e00000) (1024K)]
  0x000001c6fefb4900 JavaThread "jar transforms Thread 8"           [_thread_blocked, id=37376, stack(0x00000034b1e00000,0x00000034b1f00000) (1024K)]
  0x000001c6fefb69d0 JavaThread "jar transforms Thread 9"           [_thread_blocked, id=12764, stack(0x00000034b1f00000,0x00000034b2000000) (1024K)]
  0x000001c6fefb7060 JavaThread "jar transforms Thread 10"          [_thread_blocked, id=32304, stack(0x00000034b2000000,0x00000034b2100000) (1024K)]
  0x000001c6fefb76f0 JavaThread "jar transforms Thread 11"          [_thread_blocked, id=13828, stack(0x00000034b2100000,0x00000034b2200000) (1024K)]
  0x000001c6fefb4f90 JavaThread "jar transforms Thread 12"          [_thread_blocked, id=28368, stack(0x00000034b2200000,0x00000034b2300000) (1024K)]
  0x000001c6fdaca2b0 JavaThread "Cache worker for file content cache (C:\Users\eliza\.gradle\caches\9.5.0\fileContent)"        [_thread_blocked, id=36536, stack(0x00000034b2300000,0x00000034b2400000) (1024K)]
  0x000001c6feaf4bb0 JavaThread "Memory manager"                    [_thread_blocked, id=39680, stack(0x00000034b3400000,0x00000034b3500000) (1024K)]
  0x000001c6feaf93e0 JavaThread "pool-3-thread-1"                   [_thread_blocked, id=33808, stack(0x00000034b1200000,0x00000034b1300000) (1024K)]
  0x000001c688035b90 JavaThread "pool-6-thread-1"                   [_thread_blocked, id=38956, stack(0x00000034b3100000,0x00000034b3200000) (1024K)]
  0x000001c6fce578f0 JavaThread "pool-9-thread-1"                   [_thread_blocked, id=37160, stack(0x00000034b3200000,0x00000034b3300000) (1024K)]
  0x000001c6860bff90 JavaThread "pool-12-thread-1"                  [_thread_blocked, id=22840, stack(0x00000034b3300000,0x00000034b3400000) (1024K)]
  0x000001c6fce57f80 JavaThread "Daemon Thread 5"                   [_thread_blocked, id=31664, stack(0x00000034ae400000,0x00000034ae500000) (1024K)]
  0x000001c6fce58ca0 JavaThread "Handler for socket connection from /127.0.0.1:55772 to /127.0.0.1:52977"        [_thread_in_native, id=38584, stack(0x00000034ae500000,0x00000034ae600000) (1024K)]
  0x000001c6fce56540 JavaThread "Cancel handler"                    [_thread_blocked, id=38372, stack(0x00000034ae600000,0x00000034ae700000) (1024K)]
  0x000001c6feaf1dc0 JavaThread "Daemon worker Thread 5"            [_thread_in_vm, id=7628, stack(0x00000034af900000,0x00000034afa00000) (1024K)]
  0x000001c6feaf7310 JavaThread "Asynchronous log dispatcher for DefaultDaemonConnection: socket connection from /127.0.0.1:55772 to /127.0.0.1:52977"        [_thread_blocked, id=14088, stack(0x00000034b0600000,0x00000034b0700000) (1024K)]
  0x000001c6feaf3e90 JavaThread "Stdin handler"                     [_thread_blocked, id=35896, stack(0x00000034b0700000,0x00000034b0800000) (1024K)]
  0x000001c6feaf8030 JavaThread "Daemon client event forwarder"        [_thread_blocked, id=10984, stack(0x00000034b0a00000,0x00000034b0b00000) (1024K)]
  0x000001c6feaf79a0 JavaThread "Cache worker for file hash cache (C:\Users\eliza\Programmation\AndroidStudioProjects\Rebonnte\.gradle\9.5.0\fileHashes)"        [_thread_blocked, id=31244, stack(0x00000034b0b00000,0x00000034b0c00000) (1024K)]
  0x000001c6feaf86c0 JavaThread "Cache worker for Build Output Cleanup Cache (C:\Users\eliza\Programmation\AndroidStudioProjects\Rebonnte\.gradle\buildOutputCleanup)"        [_thread_blocked, id=31456, stack(0x00000034b0c00000,0x00000034b0d00000) (1024K)]
Total: 46

Other Threads:
  0x000001c6f48a1890 VMThread "VM Thread"                           [id=35688, stack(0x00000034aee00000,0x00000034aef00000) (1024K)]
  0x000001c6f4718ac0 WatcherThread "VM Periodic Task Thread"        [id=22036, stack(0x00000034aed00000,0x00000034aee00000) (1024K)]
  0x000001c6da94e000 WorkerThread "GC Thread#0"                     [id=11388, stack(0x00000034ae800000,0x00000034ae900000) (1024K)]
  0x000001c6f9d45430 WorkerThread "GC Thread#1"                     [id=11596, stack(0x00000034afa00000,0x00000034afb00000) (1024K)]
  0x000001c6f9c527d0 WorkerThread "GC Thread#2"                     [id=8404, stack(0x00000034afb00000,0x00000034afc00000) (1024K)]
  0x000001c6f9d457e0 WorkerThread "GC Thread#3"                     [id=2584, stack(0x00000034afc00000,0x00000034afd00000) (1024K)]
  0x000001c6f9d45b90 WorkerThread "GC Thread#4"                     [id=3416, stack(0x00000034afd00000,0x00000034afe00000) (1024K)]
  0x000001c6f9cfa950 WorkerThread "GC Thread#5"                     [id=24308, stack(0x00000034afe00000,0x00000034aff00000) (1024K)]
  0x000001c6f9cfa1f0 WorkerThread "GC Thread#6"                     [id=32176, stack(0x00000034aff00000,0x00000034b0000000) (1024K)]
  0x000001c6f9cfa5a0 WorkerThread "GC Thread#7"                     [id=24992, stack(0x00000034b0000000,0x00000034b0100000) (1024K)]
  0x000001c6f9cfad00 WorkerThread "GC Thread#8"                     [id=4108, stack(0x00000034b0100000,0x00000034b0200000) (1024K)]
  0x000001c6f9cf9e40 WorkerThread "GC Thread#9"                     [id=35044, stack(0x00000034b0200000,0x00000034b0300000) (1024K)]
  0x000001c6dcc363d0 ConcurrentGCThread "G1 Main Marker"            [id=27588, stack(0x00000034ae900000,0x00000034aea00000) (1024K)]
  0x000001c6dcc37b30 WorkerThread "G1 Conc#0"                       [id=36560, stack(0x00000034aea00000,0x00000034aeb00000) (1024K)]
  0x000001c6fb3860f0 WorkerThread "G1 Conc#1"                       [id=36172, stack(0x00000034b0800000,0x00000034b0900000) (1024K)]
  0x000001c6fb386c00 WorkerThread "G1 Conc#2"                       [id=28524, stack(0x00000034b0900000,0x00000034b0a00000) (1024K)]
  0x000001c6f4703060 ConcurrentGCThread "G1 Refine#0"               [id=16884, stack(0x00000034aeb00000,0x00000034aec00000) (1024K)]
  0x000001c6f4703890 ConcurrentGCThread "G1 Service"                [id=2708, stack(0x00000034aec00000,0x00000034aed00000) (1024K)]
Total: 18

Threads with active compile tasks:
C2 CompilerThread0  10698626 23272       4       java.io.ObjectInputStream::readClassDesc (121 bytes)
Total: 1

VM state: not at safepoint (normal execution)

VM Mutex/Monitor currently owned by a thread: None

Heap address: 0x0000000080000000, size: 2048 MB, Compressed Oops mode: 32-bit

CDS archive(s) not mapped
Compressed class space mapped at: 0x0000000100000000-0x0000000140000000, reserved size: 1073741824
Narrow klass base: 0x0000000000000000, Narrow klass shift: 3, Narrow klass range: 0x140000000

GC Precious Log:
 CardTable entry size: 512
 Card Set container configuration: InlinePtr #cards 5 size 8 Array Of Cards #cards 12 size 40 Howl #buckets 4 coarsen threshold 1843 Howl Bitmap #cards 512 size 80 coarsen threshold 460 Card regions per heap region 1 cards per card region 2048
 CPUs: 12 total, 12 available
 Memory: 32494M
 Large Page Support: Disabled
 NUMA Support: Disabled
 Compressed Oops: Enabled (32-bit)
 Heap Region Size: 1M
 Heap Min Capacity: 8M
 Heap Initial Capacity: 508M
 Heap Max Capacity: 2G
 Pre-touch: Disabled
 Parallel Workers: 10
 Concurrent Workers: 3
 Concurrent Refinement Workers: 10
 Periodic GC: Disabled

Heap:
 garbage-first heap   total 398336K, used 301763K [0x0000000080000000, 0x0000000100000000)
  region size 1024K, 70 young (71680K), 2 survivors (2048K)
 Metaspace       used 181807K, committed 183680K, reserved 1245184K
  class space    used 23456K, committed 24384K, reserved 1048576K

Heap Regions: E=young(eden), S=young(survivor), O=old, HS=humongous(starts), HC=humongous(continues), CS=collection set, F=free, TAMS=top-at-mark-start, PB=parsable bottom
|   0|0x0000000080000000, 0x0000000080100000, 0x0000000080100000|100%|HS|  |TAMS 0x0000000080000000| PB 0x0000000080000000| Complete 
|   1|0x0000000080100000, 0x0000000080200000, 0x0000000080200000|100%|HC|  |TAMS 0x0000000080100000| PB 0x0000000080100000| Complete 
|   2|0x0000000080200000, 0x0000000080300000, 0x0000000080300000|100%|HC|  |TAMS 0x0000000080200000| PB 0x0000000080200000| Complete 
|   3|0x0000000080300000, 0x0000000080400000, 0x0000000080400000|100%|HC|  |TAMS 0x0000000080300000| PB 0x0000000080300000| Complete 
|   4|0x0000000080400000, 0x0000000080500000, 0x0000000080500000|100%| O|  |TAMS 0x0000000080400000| PB 0x0000000080400000| Untracked 
|   5|0x0000000080500000, 0x0000000080600000, 0x0000000080600000|100%| O|  |TAMS 0x0000000080500000| PB 0x0000000080500000| Untracked 
|   6|0x0000000080600000, 0x0000000080700000, 0x0000000080700000|100%| O|  |TAMS 0x0000000080600000| PB 0x0000000080600000| Untracked 
|   7|0x0000000080700000, 0x0000000080800000, 0x0000000080800000|100%| O|  |TAMS 0x0000000080700000| PB 0x0000000080700000| Untracked 
|   8|0x0000000080800000, 0x0000000080900000, 0x0000000080900000|100%| O|  |TAMS 0x0000000080800000| PB 0x0000000080800000| Untracked 
|   9|0x0000000080900000, 0x0000000080a00000, 0x0000000080a00000|100%| O|  |TAMS 0x0000000080900000| PB 0x0000000080900000| Untracked 
|  10|0x0000000080a00000, 0x0000000080b00000, 0x0000000080b00000|100%| O|  |TAMS 0x0000000080a00000| PB 0x0000000080a00000| Untracked 
|  11|0x0000000080b00000, 0x0000000080c00000, 0x0000000080c00000|100%|HS|  |TAMS 0x0000000080b00000| PB 0x0000000080b00000| Complete 
|  12|0x0000000080c00000, 0x0000000080d00000, 0x0000000080d00000|100%| O|  |TAMS 0x0000000080c00000| PB 0x0000000080c00000| Untracked 
|  13|0x0000000080d00000, 0x0000000080e00000, 0x0000000080e00000|100%| O|  |TAMS 0x0000000080d00000| PB 0x0000000080d00000| Untracked 
|  14|0x0000000080e00000, 0x0000000080f00000, 0x0000000080f00000|100%| O|  |TAMS 0x0000000080e00000| PB 0x0000000080e00000| Untracked 
|  15|0x0000000080f00000, 0x0000000081000000, 0x0000000081000000|100%| O|  |TAMS 0x0000000080f00000| PB 0x0000000080f00000| Untracked 
|  16|0x0000000081000000, 0x0000000081100000, 0x0000000081100000|100%| O|  |TAMS 0x0000000081000000| PB 0x0000000081000000| Untracked 
|  17|0x0000000081100000, 0x0000000081200000, 0x0000000081200000|100%| O|  |TAMS 0x0000000081100000| PB 0x0000000081100000| Untracked 
|  18|0x0000000081200000, 0x0000000081300000, 0x0000000081300000|100%| O|  |TAMS 0x0000000081200000| PB 0x0000000081200000| Untracked 
|  19|0x0000000081300000, 0x0000000081400000, 0x0000000081400000|100%| O|  |TAMS 0x0000000081300000| PB 0x0000000081300000| Untracked 
|  20|0x0000000081400000, 0x0000000081500000, 0x0000000081500000|100%| O|  |TAMS 0x0000000081400000| PB 0x0000000081400000| Untracked 
|  21|0x0000000081500000, 0x0000000081600000, 0x0000000081600000|100%| O|  |TAMS 0x0000000081500000| PB 0x0000000081500000| Untracked 
|  22|0x0000000081600000, 0x0000000081700000, 0x0000000081700000|100%| O|  |TAMS 0x0000000081600000| PB 0x0000000081600000| Untracked 
|  23|0x0000000081700000, 0x0000000081800000, 0x0000000081800000|100%|HS|  |TAMS 0x0000000081700000| PB 0x0000000081700000| Complete 
|  24|0x0000000081800000, 0x0000000081900000, 0x0000000081900000|100%|HC|  |TAMS 0x0000000081800000| PB 0x0000000081800000| Complete 
|  25|0x0000000081900000, 0x0000000081a00000, 0x0000000081a00000|100%|HC|  |TAMS 0x0000000081900000| PB 0x0000000081900000| Complete 
|  26|0x0000000081a00000, 0x0000000081b00000, 0x0000000081b00000|100%|HC|  |TAMS 0x0000000081a00000| PB 0x0000000081a00000| Complete 
|  27|0x0000000081b00000, 0x0000000081c00000, 0x0000000081c00000|100%|HC|  |TAMS 0x0000000081b00000| PB 0x0000000081b00000| Complete 
|  28|0x0000000081c00000, 0x0000000081d00000, 0x0000000081d00000|100%|HC|  |TAMS 0x0000000081c00000| PB 0x0000000081c00000| Complete 
|  29|0x0000000081d00000, 0x0000000081e00000, 0x0000000081e00000|100%|HS|  |TAMS 0x0000000081d00000| PB 0x0000000081d00000| Complete 
|  30|0x0000000081e00000, 0x0000000081f00000, 0x0000000081f00000|100%|HS|  |TAMS 0x0000000081e00000| PB 0x0000000081e00000| Complete 
|  31|0x0000000081f00000, 0x0000000082000000, 0x0000000082000000|100%|HS|  |TAMS 0x0000000081f00000| PB 0x0000000081f00000| Complete 
|  32|0x0000000082000000, 0x0000000082100000, 0x0000000082100000|100%|HC|  |TAMS 0x0000000082000000| PB 0x0000000082000000| Complete 
|  33|0x0000000082100000, 0x0000000082200000, 0x0000000082200000|100%|HC|  |TAMS 0x0000000082100000| PB 0x0000000082100000| Complete 
|  34|0x0000000082200000, 0x0000000082300000, 0x0000000082300000|100%|HC|  |TAMS 0x0000000082200000| PB 0x0000000082200000| Complete 
|  35|0x0000000082300000, 0x0000000082400000, 0x0000000082400000|100%|HC|  |TAMS 0x0000000082300000| PB 0x0000000082300000| Complete 
|  36|0x0000000082400000, 0x0000000082500000, 0x0000000082500000|100%|HC|  |TAMS 0x0000000082400000| PB 0x0000000082400000| Complete 
|  37|0x0000000082500000, 0x0000000082600000, 0x0000000082600000|100%|HS|  |TAMS 0x0000000082500000| PB 0x0000000082500000| Complete 
|  38|0x0000000082600000, 0x0000000082700000, 0x0000000082700000|100%|HS|  |TAMS 0x0000000082600000| PB 0x0000000082600000| Complete 
|  39|0x0000000082700000, 0x0000000082800000, 0x0000000082800000|100%| O|  |TAMS 0x0000000082700000| PB 0x0000000082700000| Untracked 
|  40|0x0000000082800000, 0x0000000082900000, 0x0000000082900000|100%| O|  |TAMS 0x0000000082800000| PB 0x0000000082800000| Untracked 
|  41|0x0000000082900000, 0x0000000082a00000, 0x0000000082a00000|100%| O|  |TAMS 0x0000000082900000| PB 0x0000000082900000| Untracked 
|  42|0x0000000082a00000, 0x0000000082b00000, 0x0000000082b00000|100%| O|  |TAMS 0x0000000082a00000| PB 0x0000000082a00000| Untracked 
|  43|0x0000000082b00000, 0x0000000082c00000, 0x0000000082c00000|100%| O|  |TAMS 0x0000000082b00000| PB 0x0000000082b00000| Untracked 
|  44|0x0000000082c00000, 0x0000000082d00000, 0x0000000082d00000|100%| O|  |TAMS 0x0000000082c00000| PB 0x0000000082c00000| Untracked 
|  45|0x0000000082d00000, 0x0000000082e00000, 0x0000000082e00000|100%| O|  |TAMS 0x0000000082d00000| PB 0x0000000082d00000| Untracked 
|  46|0x0000000082e00000, 0x0000000082f00000, 0x0000000082f00000|100%| O|  |TAMS 0x0000000082e00000| PB 0x0000000082e00000| Untracked 
|  47|0x0000000082f00000, 0x0000000083000000, 0x0000000083000000|100%| O|  |TAMS 0x0000000082f00000| PB 0x0000000082f00000| Untracked 
|  48|0x0000000083000000, 0x0000000083100000, 0x0000000083100000|100%| O|  |TAMS 0x0000000083000000| PB 0x0000000083000000| Untracked 
|  49|0x0000000083100000, 0x0000000083200000, 0x0000000083200000|100%| O|  |TAMS 0x0000000083100000| PB 0x0000000083100000| Untracked 
|  50|0x0000000083200000, 0x0000000083300000, 0x0000000083300000|100%| O|  |TAMS 0x0000000083200000| PB 0x0000000083200000| Untracked 
|  51|0x0000000083300000, 0x0000000083400000, 0x0000000083400000|100%| O|  |TAMS 0x0000000083300000| PB 0x0000000083300000| Untracked 
|  52|0x0000000083400000, 0x0000000083500000, 0x0000000083500000|100%| O|  |TAMS 0x0000000083400000| PB 0x0000000083400000| Untracked 
|  53|0x0000000083500000, 0x0000000083600000, 0x0000000083600000|100%| O|  |TAMS 0x0000000083500000| PB 0x0000000083500000| Untracked 
|  54|0x0000000083600000, 0x0000000083700000, 0x0000000083700000|100%| O|  |TAMS 0x0000000083600000| PB 0x0000000083600000| Untracked 
|  55|0x0000000083700000, 0x0000000083800000, 0x0000000083800000|100%| O|  |TAMS 0x0000000083700000| PB 0x0000000083700000| Untracked 
|  56|0x0000000083800000, 0x0000000083900000, 0x0000000083900000|100%| O|  |TAMS 0x0000000083800000| PB 0x0000000083800000| Untracked 
|  57|0x0000000083900000, 0x0000000083a00000, 0x0000000083a00000|100%| O|Cm|TAMS 0x0000000083900000| PB 0x0000000083900000| Complete 
|  58|0x0000000083a00000, 0x0000000083b00000, 0x0000000083b00000|100%| O|  |TAMS 0x0000000083a00000| PB 0x0000000083a00000| Untracked 
|  59|0x0000000083b00000, 0x0000000083c00000, 0x0000000083c00000|100%| O|Cm|TAMS 0x0000000083b00000| PB 0x0000000083b00000| Complete 
|  60|0x0000000083c00000, 0x0000000083d00000, 0x0000000083d00000|100%| O|  |TAMS 0x0000000083c00000| PB 0x0000000083c00000| Untracked 
|  61|0x0000000083d00000, 0x0000000083e00000, 0x0000000083e00000|100%|HS|  |TAMS 0x0000000083d00000| PB 0x0000000083d00000| Complete 
|  62|0x0000000083e00000, 0x0000000083f00000, 0x0000000083f00000|100%|HS|  |TAMS 0x0000000083e00000| PB 0x0000000083e00000| Complete 
|  63|0x0000000083f00000, 0x0000000084000000, 0x0000000084000000|100%|HS|  |TAMS 0x0000000083f00000| PB 0x0000000083f00000| Complete 
|  64|0x0000000084000000, 0x0000000084100000, 0x0000000084100000|100%|HS|  |TAMS 0x0000000084000000| PB 0x0000000084000000| Complete 
|  65|0x0000000084100000, 0x0000000084200000, 0x0000000084200000|100%|HC|  |TAMS 0x0000000084100000| PB 0x0000000084100000| Complete 
|  66|0x0000000084200000, 0x0000000084300000, 0x0000000084300000|100%| O|  |TAMS 0x0000000084200000| PB 0x0000000084200000| Untracked 
|  67|0x0000000084300000, 0x0000000084400000, 0x0000000084400000|100%| O|  |TAMS 0x0000000084300000| PB 0x0000000084300000| Untracked 
|  68|0x0000000084400000, 0x0000000084500000, 0x0000000084500000|100%| O|  |TAMS 0x0000000084400000| PB 0x0000000084400000| Untracked 
|  69|0x0000000084500000, 0x0000000084600000, 0x0000000084600000|100%| O|  |TAMS 0x0000000084500000| PB 0x0000000084500000| Untracked 
|  70|0x0000000084600000, 0x0000000084700000, 0x0000000084700000|100%| O|  |TAMS 0x0000000084600000| PB 0x0000000084600000| Untracked 
|  71|0x0000000084700000, 0x0000000084800000, 0x0000000084800000|100%| O|  |TAMS 0x0000000084700000| PB 0x0000000084700000| Untracked 
|  72|0x0000000084800000, 0x0000000084900000, 0x0000000084900000|100%| O|  |TAMS 0x0000000084800000| PB 0x0000000084800000| Untracked 
|  73|0x0000000084900000, 0x0000000084a00000, 0x0000000084a00000|100%| O|Cm|TAMS 0x0000000084900000| PB 0x0000000084900000| Complete 
|  74|0x0000000084a00000, 0x0000000084b00000, 0x0000000084b00000|100%| O|  |TAMS 0x0000000084a00000| PB 0x0000000084a00000| Untracked 
|  75|0x0000000084b00000, 0x0000000084c00000, 0x0000000084c00000|100%| O|  |TAMS 0x0000000084b00000| PB 0x0000000084b00000| Untracked 
|  76|0x0000000084c00000, 0x0000000084d00000, 0x0000000084d00000|100%|HS|  |TAMS 0x0000000084c00000| PB 0x0000000084c00000| Complete 
|  77|0x0000000084d00000, 0x0000000084e00000, 0x0000000084e00000|100%|HC|  |TAMS 0x0000000084d00000| PB 0x0000000084d00000| Complete 
|  78|0x0000000084e00000, 0x0000000084f00000, 0x0000000084f00000|100%| O|  |TAMS 0x0000000084e00000| PB 0x0000000084e00000| Untracked 
|  79|0x0000000084f00000, 0x0000000085000000, 0x0000000085000000|100%|HS|  |TAMS 0x0000000084f00000| PB 0x0000000084f00000| Complete 
|  80|0x0000000085000000, 0x0000000085100000, 0x0000000085100000|100%| O|  |TAMS 0x0000000085000000| PB 0x0000000085000000| Untracked 
|  81|0x0000000085100000, 0x0000000085200000, 0x0000000085200000|100%| O|  |TAMS 0x0000000085100000| PB 0x0000000085100000| Untracked 
|  82|0x0000000085200000, 0x0000000085300000, 0x0000000085300000|100%|HS|  |TAMS 0x0000000085200000| PB 0x0000000085200000| Complete 
|  83|0x0000000085300000, 0x0000000085400000, 0x0000000085400000|100%|HS|  |TAMS 0x0000000085300000| PB 0x0000000085300000| Complete 
|  84|0x0000000085400000, 0x0000000085500000, 0x0000000085500000|100%|HS|  |TAMS 0x0000000085400000| PB 0x0000000085400000| Complete 
|  85|0x0000000085500000, 0x0000000085600000, 0x0000000085600000|100%| O|  |TAMS 0x0000000085500000| PB 0x0000000085500000| Untracked 
|  86|0x0000000085600000, 0x0000000085700000, 0x0000000085700000|100%|HS|  |TAMS 0x0000000085600000| PB 0x0000000085600000| Complete 
|  87|0x0000000085700000, 0x0000000085800000, 0x0000000085800000|100%|HS|  |TAMS 0x0000000085700000| PB 0x0000000085700000| Complete 
|  88|0x0000000085800000, 0x0000000085900000, 0x0000000085900000|100%| O|  |TAMS 0x0000000085800000| PB 0x0000000085800000| Untracked 
|  89|0x0000000085900000, 0x0000000085a00000, 0x0000000085a00000|100%| O|Cm|TAMS 0x0000000085900000| PB 0x0000000085900000| Complete 
|  90|0x0000000085a00000, 0x0000000085b00000, 0x0000000085b00000|100%| O|  |TAMS 0x0000000085a00000| PB 0x0000000085a00000| Untracked 
|  91|0x0000000085b00000, 0x0000000085c00000, 0x0000000085c00000|100%| O|Cm|TAMS 0x0000000085b00000| PB 0x0000000085b00000| Complete 
|  92|0x0000000085c00000, 0x0000000085d00000, 0x0000000085d00000|100%| O|  |TAMS 0x0000000085c00000| PB 0x0000000085c00000| Untracked 
|  93|0x0000000085d00000, 0x0000000085e00000, 0x0000000085e00000|100%| O|  |TAMS 0x0000000085d00000| PB 0x0000000085d00000| Untracked 
|  94|0x0000000085e00000, 0x0000000085f00000, 0x0000000085f00000|100%| O|  |TAMS 0x0000000085e00000| PB 0x0000000085e00000| Untracked 
|  95|0x0000000085f00000, 0x0000000086000000, 0x0000000086000000|100%| O|  |TAMS 0x0000000085f00000| PB 0x0000000085f00000| Untracked 
|  96|0x0000000086000000, 0x0000000086100000, 0x0000000086100000|100%| O|  |TAMS 0x0000000086000000| PB 0x0000000086000000| Untracked 
|  97|0x0000000086100000, 0x0000000086200000, 0x0000000086200000|100%| O|Cm|TAMS 0x0000000086100000| PB 0x0000000086100000| Complete 
|  98|0x0000000086200000, 0x0000000086300000, 0x0000000086300000|100%| O|  |TAMS 0x0000000086200000| PB 0x0000000086200000| Untracked 
|  99|0x0000000086300000, 0x0000000086400000, 0x0000000086400000|100%| O|Cm|TAMS 0x0000000086300000| PB 0x0000000086300000| Complete 
| 100|0x0000000086400000, 0x0000000086500000, 0x0000000086500000|100%| O|  |TAMS 0x0000000086400000| PB 0x0000000086400000| Untracked 
| 101|0x0000000086500000, 0x0000000086600000, 0x0000000086600000|100%| O|  |TAMS 0x0000000086500000| PB 0x0000000086500000| Untracked 
| 102|0x0000000086600000, 0x0000000086700000, 0x0000000086700000|100%| O|  |TAMS 0x0000000086600000| PB 0x0000000086600000| Untracked 
| 103|0x0000000086700000, 0x0000000086800000, 0x0000000086800000|100%| O|  |TAMS 0x0000000086700000| PB 0x0000000086700000| Untracked 
| 104|0x0000000086800000, 0x0000000086900000, 0x0000000086900000|100%| O|  |TAMS 0x0000000086800000| PB 0x0000000086800000| Untracked 
| 105|0x0000000086900000, 0x0000000086a00000, 0x0000000086a00000|100%| O|  |TAMS 0x0000000086900000| PB 0x0000000086900000| Untracked 
| 106|0x0000000086a00000, 0x0000000086b00000, 0x0000000086b00000|100%| O|  |TAMS 0x0000000086a00000| PB 0x0000000086a00000| Untracked 
| 107|0x0000000086b00000, 0x0000000086c00000, 0x0000000086c00000|100%| O|  |TAMS 0x0000000086b00000| PB 0x0000000086b00000| Untracked 
| 108|0x0000000086c00000, 0x0000000086d00000, 0x0000000086d00000|100%| O|  |TAMS 0x0000000086c00000| PB 0x0000000086c00000| Untracked 
| 109|0x0000000086d00000, 0x0000000086e00000, 0x0000000086e00000|100%| O|  |TAMS 0x0000000086d00000| PB 0x0000000086d00000| Untracked 
| 110|0x0000000086e00000, 0x0000000086f00000, 0x0000000086f00000|100%| O|  |TAMS 0x0000000086e00000| PB 0x0000000086e00000| Untracked 
| 111|0x0000000086f00000, 0x0000000087000000, 0x0000000087000000|100%| O|Cm|TAMS 0x0000000086f00000| PB 0x0000000086f00000| Complete 
| 112|0x0000000087000000, 0x0000000087100000, 0x0000000087100000|100%| O|Cm|TAMS 0x0000000087000000| PB 0x0000000087000000| Complete 
| 113|0x0000000087100000, 0x0000000087200000, 0x0000000087200000|100%|HS|  |TAMS 0x0000000087100000| PB 0x0000000087100000| Complete 
| 114|0x0000000087200000, 0x0000000087300000, 0x0000000087300000|100%| O|  |TAMS 0x0000000087200000| PB 0x0000000087200000| Untracked 
| 115|0x0000000087300000, 0x0000000087400000, 0x0000000087400000|100%| O|  |TAMS 0x0000000087300000| PB 0x0000000087300000| Untracked 
| 116|0x0000000087400000, 0x0000000087500000, 0x0000000087500000|100%| O|  |TAMS 0x0000000087400000| PB 0x0000000087400000| Untracked 
| 117|0x0000000087500000, 0x0000000087600000, 0x0000000087600000|100%| O|  |TAMS 0x0000000087500000| PB 0x0000000087500000| Untracked 
| 118|0x0000000087600000, 0x0000000087700000, 0x0000000087700000|100%| O|  |TAMS 0x0000000087600000| PB 0x0000000087600000| Untracked 
| 119|0x0000000087700000, 0x0000000087800000, 0x0000000087800000|100%| O|  |TAMS 0x0000000087700000| PB 0x0000000087700000| Untracked 
| 120|0x0000000087800000, 0x0000000087900000, 0x0000000087900000|100%| O|Cm|TAMS 0x0000000087800000| PB 0x0000000087800000| Complete 
| 121|0x0000000087900000, 0x0000000087a00000, 0x0000000087a00000|100%| O|  |TAMS 0x0000000087900000| PB 0x0000000087900000| Untracked 
| 122|0x0000000087a00000, 0x0000000087b00000, 0x0000000087b00000|100%| O|Cm|TAMS 0x0000000087a00000| PB 0x0000000087a00000| Complete 
| 123|0x0000000087b00000, 0x0000000087c00000, 0x0000000087c00000|100%| O|Cm|TAMS 0x0000000087b00000| PB 0x0000000087b00000| Complete 
| 124|0x0000000087c00000, 0x0000000087d00000, 0x0000000087d00000|100%| O|  |TAMS 0x0000000087c00000| PB 0x0000000087c00000| Untracked 
| 125|0x0000000087d00000, 0x0000000087e00000, 0x0000000087e00000|100%| O|Cm|TAMS 0x0000000087d00000| PB 0x0000000087d00000| Complete 
| 126|0x0000000087e00000, 0x0000000087f00000, 0x0000000087f00000|100%| O|  |TAMS 0x0000000087e00000| PB 0x0000000087e00000| Untracked 
| 127|0x0000000087f00000, 0x0000000088000000, 0x0000000088000000|100%| O|  |TAMS 0x0000000087f00000| PB 0x0000000087f00000| Untracked 
| 128|0x0000000088000000, 0x0000000088100000, 0x0000000088100000|100%| O|  |TAMS 0x0000000088000000| PB 0x0000000088000000| Untracked 
| 129|0x0000000088100000, 0x0000000088200000, 0x0000000088200000|100%| O|  |TAMS 0x0000000088100000| PB 0x0000000088100000| Untracked 
| 130|0x0000000088200000, 0x0000000088300000, 0x0000000088300000|100%| O|  |TAMS 0x0000000088200000| PB 0x0000000088200000| Untracked 
| 131|0x0000000088300000, 0x0000000088400000, 0x0000000088400000|100%| O|Cm|TAMS 0x0000000088300000| PB 0x0000000088300000| Complete 
| 132|0x0000000088400000, 0x0000000088500000, 0x0000000088500000|100%| O|  |TAMS 0x0000000088400000| PB 0x0000000088400000| Untracked 
| 133|0x0000000088500000, 0x0000000088600000, 0x0000000088600000|100%| O|  |TAMS 0x0000000088500000| PB 0x0000000088500000| Untracked 
| 134|0x0000000088600000, 0x0000000088700000, 0x0000000088700000|100%| O|  |TAMS 0x0000000088600000| PB 0x0000000088600000| Untracked 
| 135|0x0000000088700000, 0x0000000088800000, 0x0000000088800000|100%| O|  |TAMS 0x0000000088700000| PB 0x0000000088700000| Untracked 
| 136|0x0000000088800000, 0x0000000088900000, 0x0000000088900000|100%| O|  |TAMS 0x0000000088800000| PB 0x0000000088800000| Untracked 
| 137|0x0000000088900000, 0x0000000088a00000, 0x0000000088a00000|100%| O|  |TAMS 0x0000000088900000| PB 0x0000000088900000| Untracked 
| 138|0x0000000088a00000, 0x0000000088b00000, 0x0000000088b00000|100%| O|Cm|TAMS 0x0000000088a00000| PB 0x0000000088a00000| Complete 
| 139|0x0000000088b00000, 0x0000000088c00000, 0x0000000088c00000|100%| O|Cm|TAMS 0x0000000088b00000| PB 0x0000000088b00000| Complete 
| 140|0x0000000088c00000, 0x0000000088d00000, 0x0000000088d00000|100%| O|  |TAMS 0x0000000088c00000| PB 0x0000000088c00000| Untracked 
| 141|0x0000000088d00000, 0x0000000088e00000, 0x0000000088e00000|100%| O|Cm|TAMS 0x0000000088d00000| PB 0x0000000088d00000| Complete 
| 142|0x0000000088e00000, 0x0000000088e00000, 0x0000000088f00000|  0%| F|  |TAMS 0x0000000088e00000| PB 0x0000000088e00000| Untracked 
| 143|0x0000000088f00000, 0x0000000089000000, 0x0000000089000000|100%| O|  |TAMS 0x0000000088f00000| PB 0x0000000088f00000| Untracked 
| 144|0x0000000089000000, 0x0000000089100000, 0x0000000089100000|100%| O|Cm|TAMS 0x0000000089000000| PB 0x0000000089000000| Complete 
| 145|0x0000000089100000, 0x0000000089200000, 0x0000000089200000|100%| O|Cm|TAMS 0x0000000089100000| PB 0x0000000089100000| Complete 
| 146|0x0000000089200000, 0x0000000089300000, 0x0000000089300000|100%| O|  |TAMS 0x0000000089200000| PB 0x0000000089200000| Untracked 
| 147|0x0000000089300000, 0x0000000089400000, 0x0000000089400000|100%| O|Cm|TAMS 0x0000000089300000| PB 0x0000000089300000| Complete 
| 148|0x0000000089400000, 0x0000000089500000, 0x0000000089500000|100%| O|  |TAMS 0x0000000089400000| PB 0x0000000089400000| Untracked 
| 149|0x0000000089500000, 0x0000000089600000, 0x0000000089600000|100%| O|Cm|TAMS 0x0000000089500000| PB 0x0000000089500000| Complete 
| 150|0x0000000089600000, 0x0000000089700000, 0x0000000089700000|100%| O|  |TAMS 0x0000000089600000| PB 0x0000000089600000| Untracked 
| 151|0x0000000089700000, 0x0000000089800000, 0x0000000089800000|100%| O|  |TAMS 0x0000000089700000| PB 0x0000000089700000| Untracked 
| 152|0x0000000089800000, 0x0000000089900000, 0x0000000089900000|100%| O|  |TAMS 0x0000000089800000| PB 0x0000000089800000| Untracked 
| 153|0x0000000089900000, 0x0000000089a00000, 0x0000000089a00000|100%| O|  |TAMS 0x0000000089900000| PB 0x0000000089900000| Untracked 
| 154|0x0000000089a00000, 0x0000000089b00000, 0x0000000089b00000|100%| O|  |TAMS 0x0000000089a00000| PB 0x0000000089a00000| Untracked 
| 155|0x0000000089b00000, 0x0000000089c00000, 0x0000000089c00000|100%| O|  |TAMS 0x0000000089b00000| PB 0x0000000089b00000| Untracked 
| 156|0x0000000089c00000, 0x0000000089d00000, 0x0000000089d00000|100%| O|Cm|TAMS 0x0000000089c00000| PB 0x0000000089c00000| Complete 
| 157|0x0000000089d00000, 0x0000000089e00000, 0x0000000089e00000|100%| O|  |TAMS 0x0000000089d00000| PB 0x0000000089d00000| Untracked 
| 158|0x0000000089e00000, 0x0000000089f00000, 0x0000000089f00000|100%| O|  |TAMS 0x0000000089e00000| PB 0x0000000089e00000| Untracked 
| 159|0x0000000089f00000, 0x000000008a000000, 0x000000008a000000|100%| O|  |TAMS 0x0000000089f00000| PB 0x0000000089f00000| Untracked 
| 160|0x000000008a000000, 0x000000008a100000, 0x000000008a100000|100%| O|  |TAMS 0x000000008a000000| PB 0x000000008a000000| Untracked 
| 161|0x000000008a100000, 0x000000008a200000, 0x000000008a200000|100%| O|Cm|TAMS 0x000000008a100000| PB 0x000000008a100000| Complete 
| 162|0x000000008a200000, 0x000000008a300000, 0x000000008a300000|100%| O|  |TAMS 0x000000008a200000| PB 0x000000008a200000| Untracked 
| 163|0x000000008a300000, 0x000000008a400000, 0x000000008a400000|100%| O|  |TAMS 0x000000008a300000| PB 0x000000008a300000| Untracked 
| 164|0x000000008a400000, 0x000000008a500000, 0x000000008a500000|100%| O|  |TAMS 0x000000008a400000| PB 0x000000008a400000| Untracked 
| 165|0x000000008a500000, 0x000000008a600000, 0x000000008a600000|100%| O|  |TAMS 0x000000008a500000| PB 0x000000008a500000| Untracked 
| 166|0x000000008a600000, 0x000000008a700000, 0x000000008a700000|100%| O|  |TAMS 0x000000008a600000| PB 0x000000008a600000| Untracked 
| 167|0x000000008a700000, 0x000000008a800000, 0x000000008a800000|100%| O|  |TAMS 0x000000008a700000| PB 0x000000008a700000| Untracked 
| 168|0x000000008a800000, 0x000000008a900000, 0x000000008a900000|100%| O|  |TAMS 0x000000008a800000| PB 0x000000008a800000| Untracked 
| 169|0x000000008a900000, 0x000000008aa00000, 0x000000008aa00000|100%| O|  |TAMS 0x000000008a900000| PB 0x000000008a900000| Untracked 
| 170|0x000000008aa00000, 0x000000008ab00000, 0x000000008ab00000|100%| O|  |TAMS 0x000000008aa00000| PB 0x000000008aa00000| Untracked 
| 171|0x000000008ab00000, 0x000000008ac00000, 0x000000008ac00000|100%| O|  |TAMS 0x000000008ab00000| PB 0x000000008ab00000| Untracked 
| 172|0x000000008ac00000, 0x000000008ad00000, 0x000000008ad00000|100%| O|  |TAMS 0x000000008ac00000| PB 0x000000008ac00000| Untracked 
| 173|0x000000008ad00000, 0x000000008ae00000, 0x000000008ae00000|100%| O|  |TAMS 0x000000008ad00000| PB 0x000000008ad00000| Untracked 
| 174|0x000000008ae00000, 0x000000008af00000, 0x000000008af00000|100%| O|Cm|TAMS 0x000000008ae00000| PB 0x000000008ae00000| Complete 
| 175|0x000000008af00000, 0x000000008b000000, 0x000000008b000000|100%| O|  |TAMS 0x000000008af00000| PB 0x000000008af00000| Untracked 
| 176|0x000000008b000000, 0x000000008b0415e0, 0x000000008b100000| 25%| O|  |TAMS 0x000000008b000000| PB 0x000000008b000000| Untracked 
| 177|0x000000008b100000, 0x000000008b200000, 0x000000008b200000|100%| O|  |TAMS 0x000000008b100000| PB 0x000000008b100000| Untracked 
| 178|0x000000008b200000, 0x000000008b300000, 0x000000008b300000|100%| O|  |TAMS 0x000000008b200000| PB 0x000000008b200000| Untracked 
| 179|0x000000008b300000, 0x000000008b400000, 0x000000008b400000|100%| O|  |TAMS 0x000000008b300000| PB 0x000000008b300000| Untracked 
| 180|0x000000008b400000, 0x000000008b500000, 0x000000008b500000|100%| O|Cm|TAMS 0x000000008b400000| PB 0x000000008b400000| Complete 
| 181|0x000000008b500000, 0x000000008b600000, 0x000000008b600000|100%| O|  |TAMS 0x000000008b500000| PB 0x000000008b500000| Untracked 
| 182|0x000000008b600000, 0x000000008b700000, 0x000000008b700000|100%| O|  |TAMS 0x000000008b600000| PB 0x000000008b600000| Untracked 
| 183|0x000000008b700000, 0x000000008b800000, 0x000000008b800000|100%| O|  |TAMS 0x000000008b700000| PB 0x000000008b700000| Untracked 
| 184|0x000000008b800000, 0x000000008b900000, 0x000000008b900000|100%| O|  |TAMS 0x000000008b800000| PB 0x000000008b800000| Untracked 
| 185|0x000000008b900000, 0x000000008ba00000, 0x000000008ba00000|100%| O|  |TAMS 0x000000008b900000| PB 0x000000008b900000| Untracked 
| 186|0x000000008ba00000, 0x000000008bb00000, 0x000000008bb00000|100%|HS|  |TAMS 0x000000008ba00000| PB 0x000000008ba00000| Complete 
| 187|0x000000008bb00000, 0x000000008bc00000, 0x000000008bc00000|100%| O|  |TAMS 0x000000008bb00000| PB 0x000000008bb00000| Untracked 
| 188|0x000000008bc00000, 0x000000008bd00000, 0x000000008bd00000|100%| O|Cm|TAMS 0x000000008bc00000| PB 0x000000008bc00000| Complete 
| 189|0x000000008bd00000, 0x000000008be00000, 0x000000008be00000|100%| O|Cm|TAMS 0x000000008bd00000| PB 0x000000008bd00000| Complete 
| 190|0x000000008be00000, 0x000000008bf00000, 0x000000008bf00000|100%| O|  |TAMS 0x000000008be00000| PB 0x000000008be00000| Untracked 
| 191|0x000000008bf00000, 0x000000008c000000, 0x000000008c000000|100%| O|  |TAMS 0x000000008bf00000| PB 0x000000008bf00000| Untracked 
| 192|0x000000008c000000, 0x000000008c100000, 0x000000008c100000|100%| O|  |TAMS 0x000000008c000000| PB 0x000000008c000000| Untracked 
| 193|0x000000008c100000, 0x000000008c100000, 0x000000008c200000|  0%| F|  |TAMS 0x000000008c100000| PB 0x000000008c100000| Untracked 
| 194|0x000000008c200000, 0x000000008c200000, 0x000000008c300000|  0%| F|  |TAMS 0x000000008c200000| PB 0x000000008c200000| Untracked 
| 195|0x000000008c300000, 0x000000008c400000, 0x000000008c400000|100%| O|Cm|TAMS 0x000000008c300000| PB 0x000000008c300000| Complete 
| 196|0x000000008c400000, 0x000000008c400000, 0x000000008c500000|  0%| F|  |TAMS 0x000000008c400000| PB 0x000000008c400000| Untracked 
| 197|0x000000008c500000, 0x000000008c500000, 0x000000008c600000|  0%| F|  |TAMS 0x000000008c500000| PB 0x000000008c500000| Untracked 
| 198|0x000000008c600000, 0x000000008c600000, 0x000000008c700000|  0%| F|  |TAMS 0x000000008c600000| PB 0x000000008c600000| Untracked 
| 199|0x000000008c700000, 0x000000008c800000, 0x000000008c800000|100%| O|  |TAMS 0x000000008c700000| PB 0x000000008c700000| Untracked 
| 200|0x000000008c800000, 0x000000008c900000, 0x000000008c900000|100%| O|  |TAMS 0x000000008c800000| PB 0x000000008c800000| Untracked 
| 201|0x000000008c900000, 0x000000008ca00000, 0x000000008ca00000|100%| O|  |TAMS 0x000000008c900000| PB 0x000000008c900000| Untracked 
| 202|0x000000008ca00000, 0x000000008cb00000, 0x000000008cb00000|100%| O|  |TAMS 0x000000008ca00000| PB 0x000000008ca00000| Untracked 
| 203|0x000000008cb00000, 0x000000008cc00000, 0x000000008cc00000|100%| O|  |TAMS 0x000000008cb00000| PB 0x000000008cb00000| Untracked 
| 204|0x000000008cc00000, 0x000000008cd00000, 0x000000008cd00000|100%| O|Cm|TAMS 0x000000008cc00000| PB 0x000000008cc00000| Complete 
| 205|0x000000008cd00000, 0x000000008ce00000, 0x000000008ce00000|100%| O|Cm|TAMS 0x000000008cd00000| PB 0x000000008cd00000| Complete 
| 206|0x000000008ce00000, 0x000000008cf00000, 0x000000008cf00000|100%| O|Cm|TAMS 0x000000008ce00000| PB 0x000000008ce00000| Complete 
| 207|0x000000008cf00000, 0x000000008d000000, 0x000000008d000000|100%| O|Cm|TAMS 0x000000008cf00000| PB 0x000000008cf00000| Complete 
| 208|0x000000008d000000, 0x000000008d000000, 0x000000008d100000|  0%| F|  |TAMS 0x000000008d000000| PB 0x000000008d000000| Untracked 
| 209|0x000000008d100000, 0x000000008d200000, 0x000000008d200000|100%| O|Cm|TAMS 0x000000008d100000| PB 0x000000008d100000| Complete 
| 210|0x000000008d200000, 0x000000008d300000, 0x000000008d300000|100%| O|Cm|TAMS 0x000000008d200000| PB 0x000000008d200000| Complete 
| 211|0x000000008d300000, 0x000000008d400000, 0x000000008d400000|100%| O|Cm|TAMS 0x000000008d300000| PB 0x000000008d300000| Complete 
| 212|0x000000008d400000, 0x000000008d500000, 0x000000008d500000|100%| O|Cm|TAMS 0x000000008d400000| PB 0x000000008d400000| Complete 
| 213|0x000000008d500000, 0x000000008d600000, 0x000000008d600000|100%| O|Cm|TAMS 0x000000008d500000| PB 0x000000008d500000| Complete 
| 214|0x000000008d600000, 0x000000008d700000, 0x000000008d700000|100%| O|Cm|TAMS 0x000000008d600000| PB 0x000000008d600000| Complete 
| 215|0x000000008d700000, 0x000000008d800000, 0x000000008d800000|100%| O|Cm|TAMS 0x000000008d700000| PB 0x000000008d700000| Complete 
| 216|0x000000008d800000, 0x000000008d900000, 0x000000008d900000|100%| O|Cm|TAMS 0x000000008d800000| PB 0x000000008d800000| Complete 
| 217|0x000000008d900000, 0x000000008da00000, 0x000000008da00000|100%| O|  |TAMS 0x000000008d900000| PB 0x000000008d900000| Untracked 
| 218|0x000000008da00000, 0x000000008db00000, 0x000000008db00000|100%| O|  |TAMS 0x000000008da00000| PB 0x000000008da00000| Untracked 
| 219|0x000000008db00000, 0x000000008dc00000, 0x000000008dc00000|100%| O|  |TAMS 0x000000008db00000| PB 0x000000008db00000| Untracked 
| 220|0x000000008dc00000, 0x000000008dd00000, 0x000000008dd00000|100%| O|  |TAMS 0x000000008dc00000| PB 0x000000008dc00000| Untracked 
| 221|0x000000008dd00000, 0x000000008de00000, 0x000000008de00000|100%| O|  |TAMS 0x000000008dd00000| PB 0x000000008dd00000| Untracked 
| 222|0x000000008de00000, 0x000000008df00000, 0x000000008df00000|100%| O|Cm|TAMS 0x000000008de00000| PB 0x000000008de00000| Complete 
| 223|0x000000008df00000, 0x000000008e000000, 0x000000008e000000|100%| O|Cm|TAMS 0x000000008df00000| PB 0x000000008df00000| Complete 
| 224|0x000000008e000000, 0x000000008e000000, 0x000000008e100000|  0%| F|  |TAMS 0x000000008e000000| PB 0x000000008e000000| Untracked 
| 225|0x000000008e100000, 0x000000008e100000, 0x000000008e200000|  0%| F|  |TAMS 0x000000008e100000| PB 0x000000008e100000| Untracked 
| 226|0x000000008e200000, 0x000000008e200000, 0x000000008e300000|  0%| F|  |TAMS 0x000000008e200000| PB 0x000000008e200000| Untracked 
| 227|0x000000008e300000, 0x000000008e300000, 0x000000008e400000|  0%| F|  |TAMS 0x000000008e300000| PB 0x000000008e300000| Untracked 
| 228|0x000000008e400000, 0x000000008e400000, 0x000000008e500000|  0%| F|  |TAMS 0x000000008e400000| PB 0x000000008e400000| Untracked 
| 229|0x000000008e500000, 0x000000008e500000, 0x000000008e600000|  0%| F|  |TAMS 0x000000008e500000| PB 0x000000008e500000| Untracked 
| 230|0x000000008e600000, 0x000000008e600000, 0x000000008e700000|  0%| F|  |TAMS 0x000000008e600000| PB 0x000000008e600000| Untracked 
| 231|0x000000008e700000, 0x000000008e700000, 0x000000008e800000|  0%| F|  |TAMS 0x000000008e700000| PB 0x000000008e700000| Untracked 
| 232|0x000000008e800000, 0x000000008e800000, 0x000000008e900000|  0%| F|  |TAMS 0x000000008e800000| PB 0x000000008e800000| Untracked 
| 233|0x000000008e900000, 0x000000008e900000, 0x000000008ea00000|  0%| F|  |TAMS 0x000000008e900000| PB 0x000000008e900000| Untracked 
| 234|0x000000008ea00000, 0x000000008ea00000, 0x000000008eb00000|  0%| F|  |TAMS 0x000000008ea00000| PB 0x000000008ea00000| Untracked 
| 235|0x000000008eb00000, 0x000000008eb00000, 0x000000008ec00000|  0%| F|  |TAMS 0x000000008eb00000| PB 0x000000008eb00000| Untracked 
| 236|0x000000008ec00000, 0x000000008ec00000, 0x000000008ed00000|  0%| F|  |TAMS 0x000000008ec00000| PB 0x000000008ec00000| Untracked 
| 237|0x000000008ed00000, 0x000000008ed00000, 0x000000008ee00000|  0%| F|  |TAMS 0x000000008ed00000| PB 0x000000008ed00000| Untracked 
| 238|0x000000008ee00000, 0x000000008ee00000, 0x000000008ef00000|  0%| F|  |TAMS 0x000000008ee00000| PB 0x000000008ee00000| Untracked 
| 239|0x000000008ef00000, 0x000000008ef00000, 0x000000008f000000|  0%| F|  |TAMS 0x000000008ef00000| PB 0x000000008ef00000| Untracked 
| 240|0x000000008f000000, 0x000000008f000000, 0x000000008f100000|  0%| F|  |TAMS 0x000000008f000000| PB 0x000000008f000000| Untracked 
| 241|0x000000008f100000, 0x000000008f100000, 0x000000008f200000|  0%| F|  |TAMS 0x000000008f100000| PB 0x000000008f100000| Untracked 
| 242|0x000000008f200000, 0x000000008f200000, 0x000000008f300000|  0%| F|  |TAMS 0x000000008f200000| PB 0x000000008f200000| Untracked 
| 243|0x000000008f300000, 0x000000008f300000, 0x000000008f400000|  0%| F|  |TAMS 0x000000008f300000| PB 0x000000008f300000| Untracked 
| 244|0x000000008f400000, 0x000000008f400000, 0x000000008f500000|  0%| F|  |TAMS 0x000000008f400000| PB 0x000000008f400000| Untracked 
| 245|0x000000008f500000, 0x000000008f500000, 0x000000008f600000|  0%| F|  |TAMS 0x000000008f500000| PB 0x000000008f500000| Untracked 
| 246|0x000000008f600000, 0x000000008f600000, 0x000000008f700000|  0%| F|  |TAMS 0x000000008f600000| PB 0x000000008f600000| Untracked 
| 247|0x000000008f700000, 0x000000008f700000, 0x000000008f800000|  0%| F|  |TAMS 0x000000008f700000| PB 0x000000008f700000| Untracked 
| 248|0x000000008f800000, 0x000000008f800000, 0x000000008f900000|  0%| F|  |TAMS 0x000000008f800000| PB 0x000000008f800000| Untracked 
| 249|0x000000008f900000, 0x000000008f900000, 0x000000008fa00000|  0%| F|  |TAMS 0x000000008f900000| PB 0x000000008f900000| Untracked 
| 250|0x000000008fa00000, 0x000000008fa00000, 0x000000008fb00000|  0%| F|  |TAMS 0x000000008fa00000| PB 0x000000008fa00000| Untracked 
| 251|0x000000008fb00000, 0x000000008fb00000, 0x000000008fc00000|  0%| F|  |TAMS 0x000000008fb00000| PB 0x000000008fb00000| Untracked 
| 252|0x000000008fc00000, 0x000000008fc00000, 0x000000008fd00000|  0%| F|  |TAMS 0x000000008fc00000| PB 0x000000008fc00000| Untracked 
| 253|0x000000008fd00000, 0x000000008fd00000, 0x000000008fe00000|  0%| F|  |TAMS 0x000000008fd00000| PB 0x000000008fd00000| Untracked 
| 254|0x000000008fe00000, 0x000000008fe00000, 0x000000008ff00000|  0%| F|  |TAMS 0x000000008fe00000| PB 0x000000008fe00000| Untracked 
| 255|0x000000008ff00000, 0x000000008ff00000, 0x0000000090000000|  0%| F|  |TAMS 0x000000008ff00000| PB 0x000000008ff00000| Untracked 
| 256|0x0000000090000000, 0x0000000090000000, 0x0000000090100000|  0%| F|  |TAMS 0x0000000090000000| PB 0x0000000090000000| Untracked 
| 257|0x0000000090100000, 0x0000000090100000, 0x0000000090200000|  0%| F|  |TAMS 0x0000000090100000| PB 0x0000000090100000| Untracked 
| 258|0x0000000090200000, 0x0000000090200000, 0x0000000090300000|  0%| F|  |TAMS 0x0000000090200000| PB 0x0000000090200000| Untracked 
| 259|0x0000000090300000, 0x0000000090300000, 0x0000000090400000|  0%| F|  |TAMS 0x0000000090300000| PB 0x0000000090300000| Untracked 
| 260|0x0000000090400000, 0x0000000090400000, 0x0000000090500000|  0%| F|  |TAMS 0x0000000090400000| PB 0x0000000090400000| Untracked 
| 261|0x0000000090500000, 0x0000000090500000, 0x0000000090600000|  0%| F|  |TAMS 0x0000000090500000| PB 0x0000000090500000| Untracked 
| 262|0x0000000090600000, 0x0000000090600000, 0x0000000090700000|  0%| F|  |TAMS 0x0000000090600000| PB 0x0000000090600000| Untracked 
| 263|0x0000000090700000, 0x0000000090700000, 0x0000000090800000|  0%| F|  |TAMS 0x0000000090700000| PB 0x0000000090700000| Untracked 
| 264|0x0000000090800000, 0x0000000090800000, 0x0000000090900000|  0%| F|  |TAMS 0x0000000090800000| PB 0x0000000090800000| Untracked 
| 265|0x0000000090900000, 0x0000000090900000, 0x0000000090a00000|  0%| F|  |TAMS 0x0000000090900000| PB 0x0000000090900000| Untracked 
| 266|0x0000000090a00000, 0x0000000090a00000, 0x0000000090b00000|  0%| F|  |TAMS 0x0000000090a00000| PB 0x0000000090a00000| Untracked 
| 267|0x0000000090b00000, 0x0000000090b00000, 0x0000000090c00000|  0%| F|  |TAMS 0x0000000090b00000| PB 0x0000000090b00000| Untracked 
| 268|0x0000000090c00000, 0x0000000090c00000, 0x0000000090d00000|  0%| F|  |TAMS 0x0000000090c00000| PB 0x0000000090c00000| Untracked 
| 269|0x0000000090d00000, 0x0000000090d00000, 0x0000000090e00000|  0%| F|  |TAMS 0x0000000090d00000| PB 0x0000000090d00000| Untracked 
| 270|0x0000000090e00000, 0x0000000090e00000, 0x0000000090f00000|  0%| F|  |TAMS 0x0000000090e00000| PB 0x0000000090e00000| Untracked 
| 271|0x0000000090f00000, 0x0000000090f00000, 0x0000000091000000|  0%| F|  |TAMS 0x0000000090f00000| PB 0x0000000090f00000| Untracked 
| 272|0x0000000091000000, 0x0000000091000000, 0x0000000091100000|  0%| F|  |TAMS 0x0000000091000000| PB 0x0000000091000000| Untracked 
| 273|0x0000000091100000, 0x0000000091100000, 0x0000000091200000|  0%| F|  |TAMS 0x0000000091100000| PB 0x0000000091100000| Untracked 
| 274|0x0000000091200000, 0x0000000091200000, 0x0000000091300000|  0%| F|  |TAMS 0x0000000091200000| PB 0x0000000091200000| Untracked 
| 275|0x0000000091300000, 0x0000000091300000, 0x0000000091400000|  0%| F|  |TAMS 0x0000000091300000| PB 0x0000000091300000| Untracked 
| 276|0x0000000091400000, 0x0000000091400000, 0x0000000091500000|  0%| F|  |TAMS 0x0000000091400000| PB 0x0000000091400000| Untracked 
| 277|0x0000000091500000, 0x0000000091500000, 0x0000000091600000|  0%| F|  |TAMS 0x0000000091500000| PB 0x0000000091500000| Untracked 
| 278|0x0000000091600000, 0x0000000091600000, 0x0000000091700000|  0%| F|  |TAMS 0x0000000091600000| PB 0x0000000091600000| Untracked 
| 279|0x0000000091700000, 0x0000000091700000, 0x0000000091800000|  0%| F|  |TAMS 0x0000000091700000| PB 0x0000000091700000| Untracked 
| 280|0x0000000091800000, 0x0000000091800000, 0x0000000091900000|  0%| F|  |TAMS 0x0000000091800000| PB 0x0000000091800000| Untracked 
| 281|0x0000000091900000, 0x0000000091900000, 0x0000000091a00000|  0%| F|  |TAMS 0x0000000091900000| PB 0x0000000091900000| Untracked 
| 282|0x0000000091a00000, 0x0000000091a00000, 0x0000000091b00000|  0%| F|  |TAMS 0x0000000091a00000| PB 0x0000000091a00000| Untracked 
| 283|0x0000000091b00000, 0x0000000091b00000, 0x0000000091c00000|  0%| F|  |TAMS 0x0000000091b00000| PB 0x0000000091b00000| Untracked 
| 284|0x0000000091c00000, 0x0000000091c00000, 0x0000000091d00000|  0%| F|  |TAMS 0x0000000091c00000| PB 0x0000000091c00000| Untracked 
| 285|0x0000000091d00000, 0x0000000091d00000, 0x0000000091e00000|  0%| F|  |TAMS 0x0000000091d00000| PB 0x0000000091d00000| Untracked 
| 286|0x0000000091e00000, 0x0000000091e00000, 0x0000000091f00000|  0%| F|  |TAMS 0x0000000091e00000| PB 0x0000000091e00000| Untracked 
| 287|0x0000000091f00000, 0x0000000091f00000, 0x0000000092000000|  0%| F|  |TAMS 0x0000000091f00000| PB 0x0000000091f00000| Untracked 
| 288|0x0000000092000000, 0x0000000092000000, 0x0000000092100000|  0%| F|  |TAMS 0x0000000092000000| PB 0x0000000092000000| Untracked 
| 289|0x0000000092100000, 0x0000000092100000, 0x0000000092200000|  0%| F|  |TAMS 0x0000000092100000| PB 0x0000000092100000| Untracked 
| 290|0x0000000092200000, 0x0000000092200000, 0x0000000092300000|  0%| F|  |TAMS 0x0000000092200000| PB 0x0000000092200000| Untracked 
| 291|0x0000000092300000, 0x0000000092300000, 0x0000000092400000|  0%| F|  |TAMS 0x0000000092300000| PB 0x0000000092300000| Untracked 
| 292|0x0000000092400000, 0x0000000092400000, 0x0000000092500000|  0%| F|  |TAMS 0x0000000092400000| PB 0x0000000092400000| Untracked 
| 293|0x0000000092500000, 0x0000000092500000, 0x0000000092600000|  0%| F|  |TAMS 0x0000000092500000| PB 0x0000000092500000| Untracked 
| 294|0x0000000092600000, 0x0000000092600000, 0x0000000092700000|  0%| F|  |TAMS 0x0000000092600000| PB 0x0000000092600000| Untracked 
| 295|0x0000000092700000, 0x0000000092700000, 0x0000000092800000|  0%| F|  |TAMS 0x0000000092700000| PB 0x0000000092700000| Untracked 
| 296|0x0000000092800000, 0x0000000092800000, 0x0000000092900000|  0%| F|  |TAMS 0x0000000092800000| PB 0x0000000092800000| Untracked 
| 297|0x0000000092900000, 0x0000000092900000, 0x0000000092a00000|  0%| F|  |TAMS 0x0000000092900000| PB 0x0000000092900000| Untracked 
| 298|0x0000000092a00000, 0x0000000092a00000, 0x0000000092b00000|  0%| F|  |TAMS 0x0000000092a00000| PB 0x0000000092a00000| Untracked 
| 299|0x0000000092b00000, 0x0000000092b00000, 0x0000000092c00000|  0%| F|  |TAMS 0x0000000092b00000| PB 0x0000000092b00000| Untracked 
| 300|0x0000000092c00000, 0x0000000092c00000, 0x0000000092d00000|  0%| F|  |TAMS 0x0000000092c00000| PB 0x0000000092c00000| Untracked 
| 301|0x0000000092d00000, 0x0000000092d00000, 0x0000000092e00000|  0%| F|  |TAMS 0x0000000092d00000| PB 0x0000000092d00000| Untracked 
| 302|0x0000000092e00000, 0x0000000092e00000, 0x0000000092f00000|  0%| F|  |TAMS 0x0000000092e00000| PB 0x0000000092e00000| Untracked 
| 303|0x0000000092f00000, 0x0000000092f00000, 0x0000000093000000|  0%| F|  |TAMS 0x0000000092f00000| PB 0x0000000092f00000| Untracked 
| 304|0x0000000093000000, 0x0000000093000000, 0x0000000093100000|  0%| F|  |TAMS 0x0000000093000000| PB 0x0000000093000000| Untracked 
| 305|0x0000000093100000, 0x0000000093100000, 0x0000000093200000|  0%| F|  |TAMS 0x0000000093100000| PB 0x0000000093100000| Untracked 
| 306|0x0000000093200000, 0x0000000093200000, 0x0000000093300000|  0%| F|  |TAMS 0x0000000093200000| PB 0x0000000093200000| Untracked 
| 307|0x0000000093300000, 0x0000000093300000, 0x0000000093400000|  0%| F|  |TAMS 0x0000000093300000| PB 0x0000000093300000| Untracked 
| 308|0x0000000093400000, 0x00000000934481a0, 0x0000000093500000| 28%| E|  |TAMS 0x0000000093400000| PB 0x0000000093400000| Complete 
| 309|0x0000000093500000, 0x0000000093600000, 0x0000000093600000|100%| E|  |TAMS 0x0000000093500000| PB 0x0000000093500000| Complete 
| 310|0x0000000093600000, 0x0000000093700000, 0x0000000093700000|100%| E|CS|TAMS 0x0000000093600000| PB 0x0000000093600000| Complete 
| 311|0x0000000093700000, 0x0000000093800000, 0x0000000093800000|100%| E|CS|TAMS 0x0000000093700000| PB 0x0000000093700000| Complete 
| 312|0x0000000093800000, 0x0000000093900000, 0x0000000093900000|100%| E|CS|TAMS 0x0000000093800000| PB 0x0000000093800000| Complete 
| 313|0x0000000093900000, 0x0000000093a00000, 0x0000000093a00000|100%| E|CS|TAMS 0x0000000093900000| PB 0x0000000093900000| Complete 
| 314|0x0000000093a00000, 0x0000000093b00000, 0x0000000093b00000|100%| E|CS|TAMS 0x0000000093a00000| PB 0x0000000093a00000| Complete 
| 315|0x0000000093b00000, 0x0000000093c00000, 0x0000000093c00000|100%| E|CS|TAMS 0x0000000093b00000| PB 0x0000000093b00000| Complete 
| 316|0x0000000093c00000, 0x0000000093d00000, 0x0000000093d00000|100%| E|CS|TAMS 0x0000000093c00000| PB 0x0000000093c00000| Complete 
| 317|0x0000000093d00000, 0x0000000093e00000, 0x0000000093e00000|100%| E|CS|TAMS 0x0000000093d00000| PB 0x0000000093d00000| Complete 
| 318|0x0000000093e00000, 0x0000000093f00000, 0x0000000093f00000|100%| E|CS|TAMS 0x0000000093e00000| PB 0x0000000093e00000| Complete 
| 319|0x0000000093f00000, 0x0000000094000000, 0x0000000094000000|100%| E|CS|TAMS 0x0000000093f00000| PB 0x0000000093f00000| Complete 
| 320|0x0000000094000000, 0x0000000094100000, 0x0000000094100000|100%| E|CS|TAMS 0x0000000094000000| PB 0x0000000094000000| Complete 
| 321|0x0000000094100000, 0x0000000094200000, 0x0000000094200000|100%| E|CS|TAMS 0x0000000094100000| PB 0x0000000094100000| Complete 
| 322|0x0000000094200000, 0x0000000094300000, 0x0000000094300000|100%| E|CS|TAMS 0x0000000094200000| PB 0x0000000094200000| Complete 
| 323|0x0000000094300000, 0x0000000094400000, 0x0000000094400000|100%| E|CS|TAMS 0x0000000094300000| PB 0x0000000094300000| Complete 
| 324|0x0000000094400000, 0x0000000094500000, 0x0000000094500000|100%| E|CS|TAMS 0x0000000094400000| PB 0x0000000094400000| Complete 
| 325|0x0000000094500000, 0x0000000094600000, 0x0000000094600000|100%| E|CS|TAMS 0x0000000094500000| PB 0x0000000094500000| Complete 
| 326|0x0000000094600000, 0x0000000094700000, 0x0000000094700000|100%| E|CS|TAMS 0x0000000094600000| PB 0x0000000094600000| Complete 
| 327|0x0000000094700000, 0x0000000094800000, 0x0000000094800000|100%| E|CS|TAMS 0x0000000094700000| PB 0x0000000094700000| Complete 
| 328|0x0000000094800000, 0x0000000094900000, 0x0000000094900000|100%| E|CS|TAMS 0x0000000094800000| PB 0x0000000094800000| Complete 
| 329|0x0000000094900000, 0x0000000094a00000, 0x0000000094a00000|100%| E|CS|TAMS 0x0000000094900000| PB 0x0000000094900000| Complete 
| 330|0x0000000094a00000, 0x0000000094b00000, 0x0000000094b00000|100%| E|CS|TAMS 0x0000000094a00000| PB 0x0000000094a00000| Complete 
| 331|0x0000000094b00000, 0x0000000094c00000, 0x0000000094c00000|100%| E|CS|TAMS 0x0000000094b00000| PB 0x0000000094b00000| Complete 
| 332|0x0000000094c00000, 0x0000000094d00000, 0x0000000094d00000|100%| E|CS|TAMS 0x0000000094c00000| PB 0x0000000094c00000| Complete 
| 333|0x0000000094d00000, 0x0000000094e00000, 0x0000000094e00000|100%| E|CS|TAMS 0x0000000094d00000| PB 0x0000000094d00000| Complete 
| 334|0x0000000094e00000, 0x0000000094f00000, 0x0000000094f00000|100%| E|CS|TAMS 0x0000000094e00000| PB 0x0000000094e00000| Complete 
| 335|0x0000000094f00000, 0x0000000095000000, 0x0000000095000000|100%| E|CS|TAMS 0x0000000094f00000| PB 0x0000000094f00000| Complete 
| 336|0x0000000095000000, 0x0000000095100000, 0x0000000095100000|100%| E|CS|TAMS 0x0000000095000000| PB 0x0000000095000000| Complete 
| 337|0x0000000095100000, 0x0000000095200000, 0x0000000095200000|100%| E|CS|TAMS 0x0000000095100000| PB 0x0000000095100000| Complete 
| 338|0x0000000095200000, 0x0000000095300000, 0x0000000095300000|100%| E|CS|TAMS 0x0000000095200000| PB 0x0000000095200000| Complete 
| 339|0x0000000095300000, 0x0000000095400000, 0x0000000095400000|100%| E|CS|TAMS 0x0000000095300000| PB 0x0000000095300000| Complete 
| 340|0x0000000095400000, 0x0000000095500000, 0x0000000095500000|100%| E|CS|TAMS 0x0000000095400000| PB 0x0000000095400000| Complete 
| 341|0x0000000095500000, 0x0000000095600000, 0x0000000095600000|100%| E|CS|TAMS 0x0000000095500000| PB 0x0000000095500000| Complete 
| 342|0x0000000095600000, 0x0000000095700000, 0x0000000095700000|100%| E|CS|TAMS 0x0000000095600000| PB 0x0000000095600000| Complete 
| 343|0x0000000095700000, 0x0000000095800000, 0x0000000095800000|100%| E|CS|TAMS 0x0000000095700000| PB 0x0000000095700000| Complete 
| 344|0x0000000095800000, 0x0000000095900000, 0x0000000095900000|100%| E|CS|TAMS 0x0000000095800000| PB 0x0000000095800000| Complete 
| 345|0x0000000095900000, 0x0000000095a00000, 0x0000000095a00000|100%| E|CS|TAMS 0x0000000095900000| PB 0x0000000095900000| Complete 
| 346|0x0000000095a00000, 0x0000000095b00000, 0x0000000095b00000|100%| E|CS|TAMS 0x0000000095a00000| PB 0x0000000095a00000| Complete 
| 347|0x0000000095b00000, 0x0000000095c00000, 0x0000000095c00000|100%| E|CS|TAMS 0x0000000095b00000| PB 0x0000000095b00000| Complete 
| 452|0x000000009c400000, 0x000000009c500000, 0x000000009c500000|100%| E|CS|TAMS 0x000000009c400000| PB 0x000000009c400000| Complete 
| 507|0x000000009fb00000, 0x000000009fc00000, 0x000000009fc00000|100%| E|CS|TAMS 0x000000009fb00000| PB 0x000000009fb00000| Complete 
|2009|0x00000000fd900000, 0x00000000fda00000, 0x00000000fda00000|100%| O|Cm|TAMS 0x00000000fd900000| PB 0x00000000fd900000| Complete 
|2010|0x00000000fda00000, 0x00000000fdb00000, 0x00000000fdb00000|100%| O|Cm|TAMS 0x00000000fda00000| PB 0x00000000fda00000| Complete 
|2011|0x00000000fdb00000, 0x00000000fdc00000, 0x00000000fdc00000|100%| E|CS|TAMS 0x00000000fdb00000| PB 0x00000000fdb00000| Complete 
|2012|0x00000000fdc00000, 0x00000000fdd00000, 0x00000000fdd00000|100%| E|CS|TAMS 0x00000000fdc00000| PB 0x00000000fdc00000| Complete 
|2013|0x00000000fdd00000, 0x00000000fde00000, 0x00000000fde00000|100%| E|CS|TAMS 0x00000000fdd00000| PB 0x00000000fdd00000| Complete 
|2014|0x00000000fde00000, 0x00000000fdf00000, 0x00000000fdf00000|100%| E|CS|TAMS 0x00000000fde00000| PB 0x00000000fde00000| Complete 
|2015|0x00000000fdf00000, 0x00000000fe000000, 0x00000000fe000000|100%| E|CS|TAMS 0x00000000fdf00000| PB 0x00000000fdf00000| Complete 
|2016|0x00000000fe000000, 0x00000000fe100000, 0x00000000fe100000|100%| E|CS|TAMS 0x00000000fe000000| PB 0x00000000fe000000| Complete 
|2017|0x00000000fe100000, 0x00000000fe200000, 0x00000000fe200000|100%| O|Cm|TAMS 0x00000000fe100000| PB 0x00000000fe100000| Complete 
|2018|0x00000000fe200000, 0x00000000fe300000, 0x00000000fe300000|100%| E|CS|TAMS 0x00000000fe200000| PB 0x00000000fe200000| Complete 
|2019|0x00000000fe300000, 0x00000000fe400000, 0x00000000fe400000|100%| O|Cm|TAMS 0x00000000fe300000| PB 0x00000000fe300000| Complete 
|2020|0x00000000fe400000, 0x00000000fe500000, 0x00000000fe500000|100%| O|Cm|TAMS 0x00000000fe400000| PB 0x00000000fe400000| Complete 
|2021|0x00000000fe500000, 0x00000000fe600000, 0x00000000fe600000|100%| E|CS|TAMS 0x00000000fe500000| PB 0x00000000fe500000| Complete 
|2022|0x00000000fe600000, 0x00000000fe700000, 0x00000000fe700000|100%| E|CS|TAMS 0x00000000fe600000| PB 0x00000000fe600000| Complete 
|2023|0x00000000fe700000, 0x00000000fe800000, 0x00000000fe800000|100%| E|CS|TAMS 0x00000000fe700000| PB 0x00000000fe700000| Complete 
|2024|0x00000000fe800000, 0x00000000fe900000, 0x00000000fe900000|100%| E|CS|TAMS 0x00000000fe800000| PB 0x00000000fe800000| Complete 
|2025|0x00000000fe900000, 0x00000000fea00000, 0x00000000fea00000|100%| E|CS|TAMS 0x00000000fe900000| PB 0x00000000fe900000| Complete 
|2026|0x00000000fea00000, 0x00000000feb00000, 0x00000000feb00000|100%| E|CS|TAMS 0x00000000fea00000| PB 0x00000000fea00000| Complete 
|2027|0x00000000feb00000, 0x00000000fec00000, 0x00000000fec00000|100%| E|CS|TAMS 0x00000000feb00000| PB 0x00000000feb00000| Complete 
|2028|0x00000000fec00000, 0x00000000fed00000, 0x00000000fed00000|100%| E|CS|TAMS 0x00000000fec00000| PB 0x00000000fec00000| Complete 
|2029|0x00000000fed00000, 0x00000000fee00000, 0x00000000fee00000|100%| E|CS|TAMS 0x00000000fed00000| PB 0x00000000fed00000| Complete 
|2030|0x00000000fee00000, 0x00000000fef00000, 0x00000000fef00000|100%| E|CS|TAMS 0x00000000fee00000| PB 0x00000000fee00000| Complete 
|2031|0x00000000fef00000, 0x00000000ff000000, 0x00000000ff000000|100%| E|CS|TAMS 0x00000000fef00000| PB 0x00000000fef00000| Complete 
|2032|0x00000000ff000000, 0x00000000ff100000, 0x00000000ff100000|100%| E|CS|TAMS 0x00000000ff000000| PB 0x00000000ff000000| Complete 
|2033|0x00000000ff100000, 0x00000000ff200000, 0x00000000ff200000|100%| O|  |TAMS 0x00000000ff100000| PB 0x00000000ff100000| Untracked 
|2034|0x00000000ff200000, 0x00000000ff300000, 0x00000000ff300000|100%| E|CS|TAMS 0x00000000ff200000| PB 0x00000000ff200000| Complete 
|2035|0x00000000ff300000, 0x00000000ff400000, 0x00000000ff400000|100%| E|CS|TAMS 0x00000000ff300000| PB 0x00000000ff300000| Complete 
|2036|0x00000000ff400000, 0x00000000ff500000, 0x00000000ff500000|100%| E|CS|TAMS 0x00000000ff400000| PB 0x00000000ff400000| Complete 
|2037|0x00000000ff500000, 0x00000000ff600000, 0x00000000ff600000|100%| E|CS|TAMS 0x00000000ff500000| PB 0x00000000ff500000| Complete 
|2038|0x00000000ff600000, 0x00000000ff700000, 0x00000000ff700000|100%| E|CS|TAMS 0x00000000ff600000| PB 0x00000000ff600000| Complete 
|2039|0x00000000ff700000, 0x00000000ff76f650, 0x00000000ff800000| 43%| S|CS|TAMS 0x00000000ff700000| PB 0x00000000ff700000| Complete 
|2040|0x00000000ff800000, 0x00000000ff900000, 0x00000000ff900000|100%| S|CS|TAMS 0x00000000ff800000| PB 0x00000000ff800000| Complete 
|2041|0x00000000ff900000, 0x00000000ffa00000, 0x00000000ffa00000|100%| O|  |TAMS 0x00000000ff900000| PB 0x00000000ff900000| Untracked 
|2042|0x00000000ffa00000, 0x00000000ffb00000, 0x00000000ffb00000|100%| O|  |TAMS 0x00000000ffa00000| PB 0x00000000ffa00000| Untracked 
|2043|0x00000000ffb00000, 0x00000000ffc00000, 0x00000000ffc00000|100%| E|CS|TAMS 0x00000000ffb00000| PB 0x00000000ffb00000| Complete 
|2044|0x00000000ffc00000, 0x00000000ffd00000, 0x00000000ffd00000|100%| O|  |TAMS 0x00000000ffc00000| PB 0x00000000ffc00000| Untracked 
|2045|0x00000000ffd00000, 0x00000000ffe00000, 0x00000000ffe00000|100%| E|CS|TAMS 0x00000000ffd00000| PB 0x00000000ffd00000| Complete 
|2046|0x00000000ffe00000, 0x00000000fff00000, 0x00000000fff00000|100%| E|CS|TAMS 0x00000000ffe00000| PB 0x00000000ffe00000| Complete 
|2047|0x00000000fff00000, 0x0000000100000000, 0x0000000100000000|100%| O|  |TAMS 0x00000000fff00000| PB 0x00000000fff00000| Untracked 

Card table byte_map: [0x000001c6ef680000,0x000001c6efa80000] _byte_map_base: 0x000001c6ef280000

Marking Bits: (CMBitMap*) 0x000001c6da94e620
 Bits: [0x000001c6efa80000, 0x000001c6f1a80000)

Polling page: 0x000001c6daba0000

Metaspace:

Usage:
  Non-class:    154.69 MB used.
      Class:     22.92 MB used.
       Both:    177.61 MB used.

Virtual space:
  Non-class space:      192.00 MB reserved,     155.62 MB ( 81%) committed,  3 nodes.
      Class space:        1.00 GB reserved,      23.81 MB (  2%) committed,  1 nodes.
             Both:        1.19 GB reserved,     179.44 MB ( 15%) committed. 

Chunk freelists:
   Non-Class:  3.47 MB
       Class:  8.02 MB
        Both:  11.48 MB

MaxMetaspaceSize: unlimited
CompressedClassSpaceSize: 1.00 GB
Initial GC threshold: 21.00 MB
Current GC threshold: 297.75 MB
CDS: off
 - commit_granule_bytes: 65536.
 - commit_granule_words: 8192.
 - virtual_space_node_default_size: 8388608.
 - enlarge_chunks_in_place: 1.
 - use_allocation_guard: 0.


Internal statistics:

num_allocs_failed_limit: 9.
num_arena_births: 6976.
num_arena_deaths: 3464.
num_vsnodes_births: 4.
num_vsnodes_deaths: 0.
num_space_committed: 2871.
num_space_uncommitted: 3.
num_chunks_returned_to_freelist: 4098.
num_chunks_taken_from_freelist: 16382.
num_chunk_merges: 1537.
num_chunk_splits: 9660.
num_chunks_enlarged: 5970.
num_inconsistent_stats: 0.

CodeHeap 'non-profiled nmethods': size=120000Kb used=13872Kb max_used=16053Kb free=106127Kb
 bounds [0x000001c6e7800000, 0x000001c6e87b0000, 0x000001c6eed30000]
CodeHeap 'profiled nmethods': size=120000Kb used=24962Kb max_used=31736Kb free=95037Kb
 bounds [0x000001c6dfd30000, 0x000001c6e1c30000, 0x000001c6e7260000]
CodeHeap 'non-nmethods': size=5760Kb used=2440Kb max_used=2545Kb free=3319Kb
 bounds [0x000001c6e7260000, 0x000001c6e74f0000, 0x000001c6e7800000]
CodeCache: size=245760Kb, used=41274Kb, max_used=50334Kb, free=204483Kb
 total_blobs=13800, nmethods=12772, adapters=931, full_count=0
Compilation: enabled, stopped_count=0, restarted_count=0

Compilation events (20 events):
Event: 10695.480 Thread 0x000001c6f495f510 nmethod 23262 0x000001c6dfd30010 code [0x000001c6dfd301c0, 0x000001c6dfd30470]
Event: 10695.480 Thread 0x000001c6f495f510 23263       3       org.gradle.internal.Either$Right::<init> (10 bytes)
Event: 10695.480 Thread 0x000001c6f495f510 nmethod 23263 0x000001c6dfdbde10 code [0x000001c6dfdbdfc0, 0x000001c6dfdbe1e0]
Event: 10695.482 Thread 0x000001c6f49588e0 23264  s    4       java.util.Hashtable::get (69 bytes)
Event: 10695.484 Thread 0x000001c6f495f510 23265  s!   3       jdk.internal.loader.URLClassPath::addURL (58 bytes)
Event: 10695.484 Thread 0x000001c6f495f510 nmethod 23265 0x000001c6dfd37a10 code [0x000001c6dfd37c40, 0x000001c6dfd38750]
Event: 10695.488 Thread 0x000001c6f49588e0 nmethod 23264 0x000001c6e78b7290 code [0x000001c6e78b74c0, 0x000001c6e78b7fc8]
Event: 10695.489 Thread 0x000001c6f495f510 23266   !   3       org.gradle.tooling.internal.provider.serialization.ClassLoaderCache::getClassLoader (110 bytes)
Event: 10695.490 Thread 0x000001c6f495f510 nmethod 23266 0x000001c6e04e8310 code [0x000001c6e04e85a0, 0x000001c6e04e9140]
Event: 10695.490 Thread 0x000001c6f49588e0 23267   !   4       java.io.BufferedOutputStream::write (62 bytes)
Event: 10695.495 Thread 0x000001c6f49588e0 nmethod 23267 0x000001c6e7dba710 code [0x000001c6e7dba940, 0x000001c6e7dbb260]
Event: 10695.495 Thread 0x000001c6f49588e0 23269  s    4       java.io.DataOutputStream::write (16 bytes)
Event: 10695.495 Thread 0x000001c6f49588e0 nmethod 23269 0x000001c6e790a990 code [0x000001c6e790ab20, 0x000001c6e790ae20]
Event: 10695.495 Thread 0x000001c6f49588e0 23268       4       java.io.BufferedOutputStream::implWrite (40 bytes)
Event: 10695.496 Thread 0x000001c6f49588e0 nmethod 23268 0x000001c6e7866a90 code [0x000001c6e7866c20, 0x000001c6e7866d70]
Event: 10695.529 Thread 0x000001c6f495f510 23270       3       org.gradle.tooling.internal.provider.serialization.DefaultPayloadClassLoaderRegistry$2::resolveClass (16 bytes)
Event: 10695.529 Thread 0x000001c6f495f510 nmethod 23270 0x000001c6dfe31910 code [0x000001c6dfe31ae0, 0x000001c6dfe31cc8]
Event: 10695.529 Thread 0x000001c6f495f510 23271       3       org.gradle.tooling.internal.provider.serialization.DefaultPayloadClassLoaderRegistry::access$300 (6 bytes)
Event: 10695.530 Thread 0x000001c6f495f510 nmethod 23271 0x000001c6dfdf8490 code [0x000001c6dfdf8640, 0x000001c6dfdf8760]
Event: 10695.537 Thread 0x000001c6f49588e0 23272       4       java.io.ObjectInputStream::readClassDesc (121 bytes)

GC Heap History (20 events):
Event: 8146.190 GC heap before
{Heap before GC invocations=53 (full 0):
 garbage-first heap   total 329728K, used 304971K [0x0000000080000000, 0x0000000100000000)
  region size 1024K, 112 young (114688K), 15 survivors (15360K)
 Metaspace       used 158902K, committed 161152K, reserved 1245184K
  class space    used 20700K, committed 22272K, reserved 1048576K
}
Event: 8146.206 GC heap after
{Heap after GC invocations=54 (full 0):
 garbage-first heap   total 351232K, used 207622K [0x0000000080000000, 0x0000000100000000)
  region size 1024K, 13 young (13312K), 13 survivors (13312K)
 Metaspace       used 158902K, committed 161152K, reserved 1245184K
  class space    used 20700K, committed 22272K, reserved 1048576K
}
Event: 8146.637 GC heap before
{Heap before GC invocations=54 (full 0):
 garbage-first heap   total 351232K, used 321286K [0x0000000080000000, 0x0000000100000000)
  region size 1024K, 124 young (126976K), 13 survivors (13312K)
 Metaspace       used 160101K, committed 162240K, reserved 1245184K
  class space    used 20840K, committed 22272K, reserved 1048576K
}
Event: 8146.653 GC heap after
{Heap after GC invocations=55 (full 0):
 garbage-first heap   total 351232K, used 218057K [0x0000000080000000, 0x0000000100000000)
  region size 1024K, 10 young (10240K), 10 survivors (10240K)
 Metaspace       used 160101K, committed 162240K, reserved 1245184K
  class space    used 20840K, committed 22272K, reserved 1048576K
}
Event: 8547.410 GC heap before
{Heap before GC invocations=56 (full 0):
 garbage-first heap   total 363520K, used 322505K [0x0000000080000000, 0x0000000100000000)
  region size 1024K, 112 young (114688K), 10 survivors (10240K)
 Metaspace       used 163378K, committed 165056K, reserved 1245184K
  class space    used 21395K, committed 22208K, reserved 1048576K
}
Event: 8547.417 GC heap after
{Heap after GC invocations=57 (full 0):
 garbage-first heap   total 363520K, used 227156K [0x0000000080000000, 0x0000000100000000)
  region size 1024K, 8 young (8192K), 8 survivors (8192K)
 Metaspace       used 163378K, committed 165056K, reserved 1245184K
  class space    used 21395K, committed 22208K, reserved 1048576K
}
Event: 8548.250 GC heap before
{Heap before GC invocations=57 (full 0):
 garbage-first heap   total 363520K, used 336724K [0x0000000080000000, 0x0000000100000000)
  region size 1024K, 114 young (116736K), 8 survivors (8192K)
 Metaspace       used 169088K, committed 170752K, reserved 1245184K
  class space    used 21950K, committed 22784K, reserved 1048576K
}
Event: 8548.268 GC heap after
{Heap after GC invocations=58 (full 0):
 garbage-first heap   total 372736K, used 217088K [0x0000000080000000, 0x0000000100000000)
  region size 1024K, 15 young (15360K), 15 survivors (15360K)
 Metaspace       used 169088K, committed 170752K, reserved 1245184K
  class space    used 21950K, committed 22784K, reserved 1048576K
}
Event: 8548.894 GC heap before
{Heap before GC invocations=58 (full 0):
 garbage-first heap   total 372736K, used 335872K [0x0000000080000000, 0x0000000100000000)
  region size 1024K, 132 young (135168K), 15 survivors (15360K)
 Metaspace       used 169444K, committed 171136K, reserved 1245184K
  class space    used 21995K, committed 22848K, reserved 1048576K
}
Event: 8548.909 GC heap after
{Heap after GC invocations=59 (full 0):
 garbage-first heap   total 377856K, used 229376K [0x0000000080000000, 0x0000000100000000)
  region size 1024K, 17 young (17408K), 17 survivors (17408K)
 Metaspace       used 169444K, committed 171136K, reserved 1245184K
  class space    used 21995K, committed 22848K, reserved 1048576K
}
Event: 8549.149 GC heap before
{Heap before GC invocations=59 (full 0):
 garbage-first heap   total 377856K, used 284672K [0x0000000080000000, 0x0000000100000000)
  region size 1024K, 72 young (73728K), 17 survivors (17408K)
 Metaspace       used 171751K, committed 173504K, reserved 1245184K
  class space    used 22276K, committed 23168K, reserved 1048576K
}
Event: 8549.157 GC heap after
{Heap after GC invocations=60 (full 0):
 garbage-first heap   total 377856K, used 236459K [0x0000000080000000, 0x0000000100000000)
  region size 1024K, 6 young (6144K), 6 survivors (6144K)
 Metaspace       used 171751K, committed 173504K, reserved 1245184K
  class space    used 22276K, committed 23168K, reserved 1048576K
}
Event: 8867.425 GC heap before
{Heap before GC invocations=61 (full 0):
 garbage-first heap   total 394240K, used 345003K [0x0000000080000000, 0x0000000100000000)
  region size 1024K, 113 young (115712K), 6 survivors (6144K)
 Metaspace       used 173744K, committed 175488K, reserved 1245184K
  class space    used 22562K, committed 23424K, reserved 1048576K
}
Event: 8867.432 GC heap after
{Heap after GC invocations=62 (full 0):
 garbage-first heap   total 394240K, used 244166K [0x0000000080000000, 0x0000000100000000)
  region size 1024K, 15 young (15360K), 15 survivors (15360K)
 Metaspace       used 173744K, committed 175488K, reserved 1245184K
  class space    used 22562K, committed 23424K, reserved 1048576K
}
Event: 8868.044 GC heap before
{Heap before GC invocations=62 (full 0):
 garbage-first heap   total 394240K, used 360902K [0x0000000080000000, 0x0000000100000000)
  region size 1024K, 128 young (131072K), 15 survivors (15360K)
 Metaspace       used 178391K, committed 180224K, reserved 1245184K
  class space    used 22993K, committed 23872K, reserved 1048576K
}
Event: 8868.057 GC heap after
{Heap after GC invocations=63 (full 0):
 garbage-first heap   total 398336K, used 224486K [0x0000000080000000, 0x0000000100000000)
  region size 1024K, 13 young (13312K), 13 survivors (13312K)
 Metaspace       used 178391K, committed 180224K, reserved 1245184K
  class space    used 22993K, committed 23872K, reserved 1048576K
}
Event: 8868.568 GC heap before
{Heap before GC invocations=63 (full 0):
 garbage-first heap   total 398336K, used 355558K [0x0000000080000000, 0x0000000100000000)
  region size 1024K, 142 young (145408K), 13 survivors (13312K)
 Metaspace       used 180910K, committed 182720K, reserved 1245184K
  class space    used 23297K, committed 24192K, reserved 1048576K
}
Event: 8868.578 GC heap after
{Heap after GC invocations=64 (full 0):
 garbage-first heap   total 398336K, used 231971K [0x0000000080000000, 0x0000000100000000)
  region size 1024K, 10 young (10240K), 10 survivors (10240K)
 Metaspace       used 180910K, committed 182720K, reserved 1245184K
  class space    used 23297K, committed 24192K, reserved 1048576K
}
Event: 8868.591 GC heap before
{Heap before GC invocations=64 (full 0):
 garbage-first heap   total 398336K, used 234019K [0x0000000080000000, 0x0000000100000000)
  region size 1024K, 13 young (13312K), 10 survivors (10240K)
 Metaspace       used 181031K, committed 182912K, reserved 1245184K
  class space    used 23318K, committed 24256K, reserved 1048576K
}
Event: 8868.594 GC heap after
{Heap after GC invocations=65 (full 0):
 garbage-first heap   total 398336K, used 233155K [0x0000000080000000, 0x0000000100000000)
  region size 1024K, 2 young (2048K), 2 survivors (2048K)
 Metaspace       used 181031K, committed 182912K, reserved 1245184K
  class space    used 23318K, committed 24256K, reserved 1048576K
}

Dll operation events (3 events):
Event: 0.010 Loaded shared library C:\Program Files\Android\Android Studio\jbr\bin\java.dll
Event: 0.015 Loaded shared library C:\Program Files\Android\Android Studio\jbr\bin\zip.dll
Event: 0.399 Loaded shared library C:\Program Files\Android\Android Studio\jbr\bin\verify.dll

Deoptimization events (20 events):
Event: 8868.548 Thread 0x000001c686085530 Uncommon trap: trap_request=0xffffffde fr.pc=0x000001c6e876b2fc relative=0x000000000000437c
Event: 8868.548 Thread 0x000001c686085530 Uncommon trap: reason=class_check action=maybe_recompile pc=0x000001c6e876b2fc method=org.gradle.tooling.internal.adapter.ProtocolToModelAdapter$ViewKey.hashCode()I @ 11 c2
Event: 8868.548 Thread 0x000001c686085530 DEOPT PACKING pc=0x000001c6e876b2fc sp=0x00000034b42fde90
Event: 8868.548 Thread 0x000001c686085530 DEOPT UNPACKING pc=0x000001c6e72b7aa2 sp=0x00000034b42fdbd0 mode 2
Event: 8868.548 Thread 0x000001c686085530 Uncommon trap: trap_request=0xffffffde fr.pc=0x000001c6e876b2fc relative=0x000000000000437c
Event: 8868.548 Thread 0x000001c686085530 Uncommon trap: reason=class_check action=maybe_recompile pc=0x000001c6e876b2fc method=org.gradle.tooling.internal.adapter.ProtocolToModelAdapter$ViewKey.hashCode()I @ 11 c2
Event: 8868.548 Thread 0x000001c686085530 DEOPT PACKING pc=0x000001c6e876b2fc sp=0x00000034b42fde90
Event: 8868.548 Thread 0x000001c686085530 DEOPT UNPACKING pc=0x000001c6e72b7aa2 sp=0x00000034b42fdbd0 mode 2
Event: 8868.549 Thread 0x000001c686085530 Uncommon trap: trap_request=0xffffffde fr.pc=0x000001c6e876b2fc relative=0x000000000000437c
Event: 8868.549 Thread 0x000001c686085530 Uncommon trap: reason=class_check action=maybe_recompile pc=0x000001c6e876b2fc method=org.gradle.tooling.internal.adapter.ProtocolToModelAdapter$ViewKey.hashCode()I @ 11 c2
Event: 8868.549 Thread 0x000001c686085530 DEOPT PACKING pc=0x000001c6e876b2fc sp=0x00000034b42fdf30
Event: 8868.549 Thread 0x000001c686085530 DEOPT UNPACKING pc=0x000001c6e72b7aa2 sp=0x00000034b42fdc70 mode 2
Event: 8868.550 Thread 0x000001c686085530 Uncommon trap: trap_request=0xffffffde fr.pc=0x000001c6e8773a94 relative=0x0000000000003db4
Event: 8868.550 Thread 0x000001c686085530 Uncommon trap: reason=class_check action=maybe_recompile pc=0x000001c6e8773a94 method=org.gradle.tooling.internal.adapter.ProtocolToModelAdapter$ViewKey.hashCode()I @ 11 c2
Event: 8868.550 Thread 0x000001c686085530 DEOPT PACKING pc=0x000001c6e8773a94 sp=0x00000034b42fdb40
Event: 8868.550 Thread 0x000001c686085530 DEOPT UNPACKING pc=0x000001c6e72b7aa2 sp=0x00000034b42fd938 mode 2
Event: 8868.550 Thread 0x000001c686085530 Uncommon trap: trap_request=0xffffffde fr.pc=0x000001c6e7f9b29c relative=0x000000000000063c
Event: 8868.550 Thread 0x000001c686085530 Uncommon trap: reason=class_check action=maybe_recompile pc=0x000001c6e7f9b29c method=org.gradle.tooling.internal.adapter.ProtocolToModelAdapter$ViewKey.hashCode()I @ 11 c2
Event: 8868.550 Thread 0x000001c686085530 DEOPT PACKING pc=0x000001c6e7f9b29c sp=0x00000034b42fda80
Event: 8868.550 Thread 0x000001c686085530 DEOPT UNPACKING pc=0x000001c6e72b7aa2 sp=0x00000034b42fd868 mode 2

Classes loaded (20 events):
Event: 23.759 Loading class java/time/temporal/TemporalQueries$6
Event: 23.759 Loading class java/time/temporal/TemporalQueries$6 done
Event: 23.759 Loading class java/time/temporal/TemporalQueries$7
Event: 23.759 Loading class java/time/temporal/TemporalQueries$7 done
Event: 23.759 Loading class java/time/LocalDate$1
Event: 23.760 Loading class java/time/LocalDate$1 done
Event: 23.881 Loading class java/time/Clock
Event: 23.881 Loading class java/time/InstantSource
Event: 23.882 Loading class java/time/InstantSource done
Event: 23.882 Loading class java/time/Clock done
Event: 23.882 Loading class java/time/Instant$1
Event: 23.882 Loading class java/time/Instant$1 done
Event: 23.914 Loading class java/nio/file/Files$2
Event: 23.914 Loading class java/nio/file/Files$2 done
Event: 23.955 Loading class java/util/concurrent/CompletableFuture$AsyncRun
Event: 23.956 Loading class java/util/concurrent/CompletableFuture$AsyncRun done
Event: 23.956 Loading class java/util/concurrent/ForkJoinTask$Aux
Event: 23.956 Loading class java/util/concurrent/ForkJoinTask$Aux done
Event: 8143.224 Loading class jdk/internal/math/FormattedFPDecimal
Event: 8143.229 Loading class jdk/internal/math/FormattedFPDecimal done

Classes unloaded (20 events):
Event: 8868.669 Thread 0x000001c6f48a1890 Unloading class 0x00000001015fb000 'java/lang/invoke/LambdaForm$MH+0x00000001015fb000'
Event: 8868.669 Thread 0x000001c6f48a1890 Unloading class 0x00000001015fa800 'java/lang/invoke/LambdaForm$MH+0x00000001015fa800'
Event: 8868.669 Thread 0x000001c6f48a1890 Unloading class 0x00000001015fa400 'java/lang/invoke/LambdaForm$MH+0x00000001015fa400'
Event: 8868.669 Thread 0x000001c6f48a1890 Unloading class 0x00000001015fa000 'java/lang/invoke/LambdaForm$MH+0x00000001015fa000'
Event: 8868.669 Thread 0x000001c6f48a1890 Unloading class 0x0000000101501c00 'java/lang/invoke/LambdaForm$MH+0x0000000101501c00'
Event: 8868.669 Thread 0x000001c6f48a1890 Unloading class 0x00000001015ec000 'jdk/internal/reflect/GeneratedSerializationConstructorAccessor251'
Event: 8868.669 Thread 0x000001c6f48a1890 Unloading class 0x00000001015e59b0 'sync_studio_tooling5_bmnb0bi6wpusxgovi0m11mn89$_run_closure2'
Event: 8868.669 Thread 0x000001c6f48a1890 Unloading class 0x00000001015e5558 'sync_studio_tooling5_bmnb0bi6wpusxgovi0m11mn89$_run_closure1'
Event: 8868.669 Thread 0x000001c6f48a1890 Unloading class 0x00000001015e5000 'sync_studio_tooling5_bmnb0bi6wpusxgovi0m11mn89'
Event: 8868.669 Thread 0x000001c6f48a1890 Unloading class 0x00000001015e49b0 'sync_studio_tooling5_bmnb0bi6wpusxgovi0m11mn89$_run_closure1$_closure2'
Event: 8868.669 Thread 0x000001c6f48a1890 Unloading class 0x00000001015e4558 'sync_studio_tooling5_bmnb0bi6wpusxgovi0m11mn89$_run_closure1'
Event: 8868.669 Thread 0x000001c6f48a1890 Unloading class 0x00000001015e4000 'sync_studio_tooling5_bmnb0bi6wpusxgovi0m11mn89'
Event: 8868.669 Thread 0x000001c6f48a1890 Unloading class 0x00000001007cb800 'java/lang/invoke/LambdaForm$MH+0x00000001007cb800'
Event: 8868.669 Thread 0x000001c6f48a1890 Unloading class 0x00000001007cb400 'java/lang/invoke/LambdaForm$MH+0x00000001007cb400'
Event: 8868.669 Thread 0x000001c6f48a1890 Unloading class 0x00000001007cb000 'java/lang/invoke/LambdaForm$MH+0x00000001007cb000'
Event: 8868.669 Thread 0x000001c6f48a1890 Unloading class 0x00000001007ca000 'java/lang/invoke/LambdaForm$MH+0x00000001007ca000'
Event: 8868.669 Thread 0x000001c6f48a1890 Unloading class 0x00000001007be400 'java/lang/invoke/LambdaForm$MH+0x00000001007be400'
Event: 8868.669 Thread 0x000001c6f48a1890 Unloading class 0x00000001007be000 'java/lang/invoke/LambdaForm$MH+0x00000001007be000'
Event: 8868.669 Thread 0x000001c6f48a1890 Unloading class 0x00000001007bd400 'java/lang/invoke/LambdaForm$MH+0x00000001007bd400'
Event: 8868.669 Thread 0x000001c6f48a1890 Unloading class 0x00000001007bcc00 'java/lang/invoke/LambdaForm$MH+0x00000001007bcc00'

Classes redefined (0 events):
No events

Internal exceptions (20 events):
Event: 10695.520 Thread 0x000001c6feaf1dc0 Exception <a 'java/lang/NoSuchMethodError'{0x0000000093bd3830}: static Lorg/jetbrains/plugins/gradle/model/RepositoryModels;.<clinit>()V> (0x0000000093bd3830) 
thrown [s\src\hotspot\share\prims\jni.cpp, line 1144]
Event: 10695.521 Thread 0x000001c6feaf1dc0 Exception <a 'java/lang/NoSuchMethodError'{0x0000000093be6bb0}: static Lorg/jetbrains/plugins/gradle/javaModel/JavaGradleManifestModel;.<clinit>()V> (0x0000000093be6bb0) 
thrown [s\src\hotspot\share\prims\jni.cpp, line 1144]
Event: 10695.521 Thread 0x000001c6feaf1dc0 Exception <a 'java/lang/NoSuchMethodError'{0x0000000093bfa670}: static Lcom/intellij/gradle/toolingExtension/model/repositoryModel/ProjectRepositoriesModel;.<clinit>()V> (0x0000000093bfa670) 
thrown [s\src\hotspot\share\prims\jni.cpp, line 1144]
Event: 10695.525 Thread 0x000001c6feaf1dc0 Exception <a 'java/lang/NoSuchMethodError'{0x0000000093a430d0}: static Lcom/android/tools/idea/gradle/project/sync/AndroidExtraModelProvider;.<clinit>()V> (0x0000000093a430d0) 
thrown [s\src\hotspot\share\prims\jni.cpp, line 1144]
Event: 10695.525 Thread 0x000001c6feaf1dc0 Exception <a 'java/lang/NoSuchMethodError'{0x0000000093a5cfa0}: static Lcom/android/tools/idea/gradle/project/sync/ModelProviderCachedData;.<clinit>()V> (0x0000000093a5cfa0) 
thrown [s\src\hotspot\share\prims\jni.cpp, line 1144]
Event: 10695.529 Thread 0x000001c6feaf1dc0 Exception <a 'java/lang/NoSuchMethodError'{0x0000000093ae02b0}: static Lcom/android/tools/idea/gradle/project/sync/SyncActionOptions;.<clinit>()V> (0x0000000093ae02b0) 
thrown [s\src\hotspot\share\prims\jni.cpp, line 1144]
Event: 10695.529 Thread 0x000001c6feaf1dc0 Exception <a 'java/lang/NoSuchMethodError'{0x0000000093ae2dd0}: static Lcom/android/tools/idea/gradle/project/sync/SyncProjectActionOptions;.<clinit>()V> (0x0000000093ae2dd0) 
thrown [s\src\hotspot\share\prims\jni.cpp, line 1144]
Event: 10695.529 Thread 0x000001c6feaf1dc0 Exception <a 'java/lang/NoSuchMethodError'{0x0000000093ae5c18}: static Lcom/android/tools/idea/gradle/project/sync/SingleVariantSyncActionOptions;.<clinit>()V> (0x0000000093ae5c18) 
thrown [s\src\hotspot\share\prims\jni.cpp, line 1144]
Event: 10695.530 Thread 0x000001c6feaf1dc0 Exception <a 'java/lang/NoSuchMethodError'{0x000000009390a8c0}: static Lcom/android/tools/idea/gradle/project/sync/GradleSyncStudioFlags;.<clinit>()V> (0x000000009390a8c0) 
thrown [s\src\hotspot\share\prims\jni.cpp, line 1144]
Event: 10695.531 Thread 0x000001c6feaf1dc0 Exception <a 'java/lang/NoSuchMethodError'{0x00000000939295d8}: static Lcom/android/tools/idea/gradle/project/sync/ModelConsumerVersion;.<clinit>()V> (0x00000000939295d8) 
thrown [s\src\hotspot\share\prims\jni.cpp, line 1144]
Event: 10695.536 Thread 0x000001c6feaf1dc0 Exception <a 'java/lang/NoSuchMethodError'{0x0000000093980400}: static Lcom/android/tools/idea/gradle/project/sync/AdditionalClassifierArtifactsActionOptions;.<clinit>()V> (0x0000000093980400) 
thrown [s\src\hotspot\share\prims\jni.cpp, line 1144]
Event: 10695.537 Thread 0x000001c6feaf1dc0 Exception <a 'java/lang/NoSuchMethodError'{0x00000000939986e8}: static Lcom/android/tools/idea/gradle/project/sync/SelectedVariants;.<clinit>()V> (0x00000000939986e8) 
thrown [s\src\hotspot\share\prims\jni.cpp, line 1144]
Event: 10695.538 Thread 0x000001c6feaf1dc0 Exception <a 'java/lang/NoSuchMethodError'{0x00000000939b1a98}: static Lorg/jetbrains/kotlin/gradle/idea/tcs/IdeaKotlinDependency;.<clinit>()V> (0x00000000939b1a98) 
thrown [s\src\hotspot\share\prims\jni.cpp, line 1144]
Event: 10695.539 Thread 0x000001c6feaf1dc0 Exception <a 'java/lang/NoSuchMethodError'{0x00000000939d8360}: static Ljava/lang/Object;.<clinit>()V> (0x00000000939d8360) 
thrown [s\src\hotspot\share\prims\jni.cpp, line 1144]
Event: 10698.570 Thread 0x000001c6feaf1dc0 Exception <a 'java/lang/NoSuchMethodError'{0x0000000093838ba0}: static Lcom/intellij/compose/ide/plugin/gradleTooling/rt/ComposeResourcesModel;.<clinit>()V> (0x0000000093838ba0) 
thrown [s\src\hotspot\share\prims\jni.cpp, line 1144]
Event: 10698.572 Thread 0x000001c6feaf1dc0 Exception <a 'java/lang/NoSuchMethodError'{0x000000009385e538}: static Lorg/jetbrains/plugins/gradle/model/GradleExtensions;.<clinit>()V> (0x000000009385e538) 
thrown [s\src\hotspot\share\prims\jni.cpp, line 1144]
Event: 10698.573 Thread 0x000001c6feaf1dc0 Exception <a 'java/lang/NoSuchMethodError'{0x0000000093872710}: static Lorg/jetbrains/plugins/gradle/model/tests/ExternalTestsModel;.<clinit>()V> (0x0000000093872710) 
thrown [s\src\hotspot\share\prims\jni.cpp, line 1144]
Event: 10698.574 Thread 0x000001c6feaf1dc0 Exception <a 'java/lang/NoSuchMethodError'{0x00000000938880f0}: static Lorg/jetbrains/plugins/gradle/model/IntelliJProjectSettings;.<clinit>()V> (0x00000000938880f0) 
thrown [s\src\hotspot\share\prims\jni.cpp, line 1144]
Event: 10698.574 Thread 0x000001c6feaf1dc0 Exception <a 'java/lang/NoSuchMethodError'{0x0000000093898df0}: static Lorg/jetbrains/plugins/gradle/model/IntelliJSettings;.<clinit>()V> (0x0000000093898df0) 
thrown [s\src\hotspot\share\prims\jni.cpp, line 1144]
Event: 10698.575 Thread 0x000001c6feaf1dc0 Exception <a 'java/lang/NoSuchMethodError'{0x00000000938ac318}: static Lorg/jetbrains/plugins/gradle/model/DependencyAccessorsModel;.<clinit>()V> (0x00000000938ac318) 
thrown [s\src\hotspot\share\prims\jni.cpp, line 1144]

ZGC Phase Switch (0 events):
No events

VM Operations (20 events):
Event: 8868.044 Executing safepoint VM operation: G1CollectForAllocation (G1 Evacuation Pause)
Event: 8868.057 Executing safepoint VM operation: G1CollectForAllocation (G1 Evacuation Pause) done
Event: 8868.568 Executing safepoint VM operation: G1CollectForAllocation (G1 Evacuation Pause)
Event: 8868.578 Executing safepoint VM operation: G1CollectForAllocation (G1 Evacuation Pause) done
Event: 8868.591 Executing safepoint VM operation: G1TryInitiateConcMark (G1 Humongous Allocation)
Event: 8868.595 Executing safepoint VM operation: G1TryInitiateConcMark (G1 Humongous Allocation) done
Event: 8868.668 Executing safepoint VM operation: G1PauseRemark
Event: 8868.682 Executing safepoint VM operation: G1PauseRemark done
Event: 8868.740 Executing safepoint VM operation: G1PauseCleanup
Event: 8868.740 Executing safepoint VM operation: G1PauseCleanup done
Event: 8899.141 Executing non-safepoint VM operation: HandshakeAllThreads (HandshakeForDeflation)
Event: 8899.141 Executing non-safepoint VM operation: HandshakeAllThreads (HandshakeForDeflation) done
Event: 8899.141 Executing non-safepoint VM operation: RendezvousGCThreads
Event: 8899.141 Executing non-safepoint VM operation: RendezvousGCThreads done
Event: 9212.159 Executing safepoint VM operation: Cleanup
Event: 9212.159 Executing safepoint VM operation: Cleanup done
Event: 9973.587 Executing safepoint VM operation: Cleanup
Event: 9973.587 Executing safepoint VM operation: Cleanup done
Event: 10695.500 Executing safepoint VM operation: Cleanup
Event: 10695.500 Executing safepoint VM operation: Cleanup done

Memory protections (0 events):
No events

Nmethod flushes (20 events):
Event: 8868.681 Thread 0x000001c6f48a1890 flushing  nmethod 0x000001c6e1621610
Event: 8868.681 Thread 0x000001c6f48a1890 flushing  nmethod 0x000001c6e169bf10
Event: 8868.681 Thread 0x000001c6f48a1890 flushing  nmethod 0x000001c6e1763210
Event: 8868.681 Thread 0x000001c6f48a1890 flushing  nmethod 0x000001c6e1764a90
Event: 8868.681 Thread 0x000001c6f48a1890 flushing  nmethod 0x000001c6e1766e10
Event: 8868.681 Thread 0x000001c6f48a1890 flushing  nmethod 0x000001c6e1767a10
Event: 8868.681 Thread 0x000001c6f48a1890 flushing  nmethod 0x000001c6e1768510
Event: 8868.681 Thread 0x000001c6f48a1890 flushing  nmethod 0x000001c6e1768b10
Event: 8868.681 Thread 0x000001c6f48a1890 flushing  nmethod 0x000001c6e176a510
Event: 8868.681 Thread 0x000001c6f48a1890 flushing  nmethod 0x000001c6e176b690
Event: 8868.681 Thread 0x000001c6f48a1890 flushing  nmethod 0x000001c6e176ba10
Event: 8868.681 Thread 0x000001c6f48a1890 flushing  nmethod 0x000001c6e176cf90
Event: 8868.681 Thread 0x000001c6f48a1890 flushing  nmethod 0x000001c6e176d390
Event: 8868.681 Thread 0x000001c6f48a1890 flushing  nmethod 0x000001c6e176ed10
Event: 8868.681 Thread 0x000001c6f48a1890 flushing  nmethod 0x000001c6e176f110
Event: 8868.681 Thread 0x000001c6f48a1890 flushing  nmethod 0x000001c6e1770b10
Event: 8868.681 Thread 0x000001c6f48a1890 flushing  nmethod 0x000001c6e1773c10
Event: 8868.681 Thread 0x000001c6f48a1890 flushing  nmethod 0x000001c6e18be110
Event: 8868.681 Thread 0x000001c6f48a1890 flushing  nmethod 0x000001c6e18bea10
Event: 8868.681 Thread 0x000001c6f48a1890 flushing  nmethod 0x000001c6e18cff10

Events (20 events):
Event: 8868.641 Thread 0x000001c6fdacddc0 Thread exited: 0x000001c6fdacddc0
Event: 8868.642 Thread 0x000001c6fdacd730 Thread exited: 0x000001c6fdacd730
Event: 8868.657 Thread 0x000001c6fdac9c20 Thread exited: 0x000001c6fdac9c20
Event: 8868.668 Thread 0x000001c6fdac81e0 Thread added: 0x000001c688890ab0
Event: 8868.668 Thread 0x000001c6fdacd0a0 Thread exited: 0x000001c6fdacd0a0
Event: 8868.738 Thread 0x000001c6fdac9590 Thread exited: 0x000001c6fdac9590
Event: 8873.829 Thread 0x000001c6fe8d3f70 Thread exited: 0x000001c6fe8d3f70
Event: 8878.685 Thread 0x000001c6fe8d75f0 Thread exited: 0x000001c6fe8d75f0
Event: 8928.659 Thread 0x000001c6fdaca940 Thread exited: 0x000001c6fdaca940
Event: 8928.738 Thread 0x000001c6fdac81e0 Thread exited: 0x000001c6fdac81e0
Event: 8928.738 Thread 0x000001c688890ab0 Thread exited: 0x000001c688890ab0
Event: 10695.435 Thread 0x000001c6fbc6ef20 Thread added: 0x000001c6fce57f80
Event: 10695.436 Thread 0x000001c6fce57f80 Thread added: 0x000001c6fce58ca0
Event: 10695.452 Thread 0x000001c6fce57f80 Thread added: 0x000001c6fce56540
Event: 10695.455 Thread 0x000001c6fce57f80 Thread added: 0x000001c6feaf1dc0
Event: 10695.458 Thread 0x000001c6feaf1dc0 Thread added: 0x000001c6feaf7310
Event: 10695.458 Thread 0x000001c6feaf1dc0 Thread added: 0x000001c6feaf3e90
Event: 10695.459 Thread 0x000001c6feaf1dc0 Thread added: 0x000001c6feaf8030
Event: 10695.468 Thread 0x000001c6feaf1dc0 Thread added: 0x000001c6feaf79a0
Event: 10695.471 Thread 0x000001c6feaf1dc0 Thread added: 0x000001c6feaf86c0


Dynamic libraries:
0x00007ff643750000 - 0x00007ff64375a000 	C:\Program Files\Android\Android Studio\jbr\bin\java.exe
0x00007ffbe0520000 - 0x00007ffbe0786000 	C:\WINDOWS\SYSTEM32\ntdll.dll
0x00007ffbdf4b0000 - 0x00007ffbdf579000 	C:\WINDOWS\System32\KERNEL32.DLL
0x00007ffbddab0000 - 0x00007ffbddeae000 	C:\WINDOWS\System32\KERNELBASE.dll
0x00007ffbde060000 - 0x00007ffbde1ac000 	C:\WINDOWS\System32\ucrtbase.dll
0x00007ffbb1960000 - 0x00007ffbb1978000 	C:\Program Files\Android\Android Studio\jbr\bin\jli.dll
0x00007ffbc0bc0000 - 0x00007ffbc0bdb000 	C:\Program Files\Android\Android Studio\jbr\bin\VCRUNTIME140.dll
0x00007ffbde520000 - 0x00007ffbde6e7000 	C:\WINDOWS\System32\USER32.dll
0x00007ffbddec0000 - 0x00007ffbddee7000 	C:\WINDOWS\System32\win32u.dll
0x00007ffbbad60000 - 0x00007ffbbaff2000 	C:\WINDOWS\WinSxS\amd64_microsoft.windows.common-controls_6595b64144ccf1df_6.0.26100.8875_none_3e0d5d42e32fe9dd\COMCTL32.dll
0x00007ffbdffa0000 - 0x00007ffbdffcb000 	C:\WINDOWS\System32\GDI32.dll
0x00007ffbdd800000 - 0x00007ffbdd92a000 	C:\WINDOWS\System32\gdi32full.dll
0x00007ffbdf400000 - 0x00007ffbdf4a9000 	C:\WINDOWS\System32\msvcrt.dll
0x00007ffbddef0000 - 0x00007ffbddf93000 	C:\WINDOWS\System32\msvcp_win.dll
0x00007ffbde4e0000 - 0x00007ffbde512000 	C:\WINDOWS\System32\IMM32.DLL
0x00007ffbc0bb0000 - 0x00007ffbc0bbc000 	C:\Program Files\Android\Android Studio\jbr\bin\vcruntime140_1.dll
0x00007ffba6230000 - 0x00007ffba62bd000 	C:\Program Files\Android\Android Studio\jbr\bin\msvcp140.dll
0x00007ffb176a0000 - 0x00007ffb18336000 	C:\Program Files\Android\Android Studio\jbr\bin\server\jvm.dll
0x00007ffbe03a0000 - 0x00007ffbe0457000 	C:\WINDOWS\System32\ADVAPI32.dll
0x00007ffbdf270000 - 0x00007ffbdf31a000 	C:\WINDOWS\System32\sechost.dll
0x00007ffbde250000 - 0x00007ffbde368000 	C:\WINDOWS\System32\RPCRT4.dll
0x00007ffbdf690000 - 0x00007ffbdf710000 	C:\WINDOWS\System32\WS2_32.dll
0x00007ffbdc280000 - 0x00007ffbdc2de000 	C:\WINDOWS\SYSTEM32\POWRPROF.dll
0x00007ffbd1510000 - 0x00007ffbd151b000 	C:\WINDOWS\SYSTEM32\VERSION.dll
0x00007ffbcff00000 - 0x00007ffbcff36000 	C:\WINDOWS\SYSTEM32\WINMM.dll
0x00007ffbdc260000 - 0x00007ffbdc274000 	C:\WINDOWS\SYSTEM32\UMPDC.dll
0x00007ffbdc540000 - 0x00007ffbdc55b000 	C:\WINDOWS\SYSTEM32\kernel.appcore.dll
0x00007ffbc0ba0000 - 0x00007ffbc0baa000 	C:\Program Files\Android\Android Studio\jbr\bin\jimage.dll
0x00007ffbdac00000 - 0x00007ffbdae42000 	C:\WINDOWS\SYSTEM32\DBGHELP.DLL
0x00007ffbde800000 - 0x00007ffbdeb83000 	C:\WINDOWS\System32\combase.dll
0x00007ffbdf580000 - 0x00007ffbdf659000 	C:\WINDOWS\System32\OLEAUT32.dll
0x00007ffbc6ca0000 - 0x00007ffbc6cdb000 	C:\WINDOWS\SYSTEM32\dbgcore.DLL
0x00007ffbdd740000 - 0x00007ffbdd7ec000 	C:\WINDOWS\System32\bcryptPrimitives.dll
0x00007ffbc0bf0000 - 0x00007ffbc0bfe000 	C:\Program Files\Android\Android Studio\jbr\bin\instrument.dll
0x00007ffbc0b80000 - 0x00007ffbc0ba0000 	C:\Program Files\Android\Android Studio\jbr\bin\java.dll
0x00007ffbb3990000 - 0x00007ffbb39a8000 	C:\Program Files\Android\Android Studio\jbr\bin\zip.dll
0x00007ffbdf720000 - 0x00007ffbdfeb2000 	C:\WINDOWS\System32\SHELL32.dll
0x00007ffbdb1d0000 - 0x00007ffbdba62000 	C:\WINDOWS\SYSTEM32\windows.storage.dll
0x00007ffbde700000 - 0x00007ffbde7f7000 	C:\WINDOWS\System32\SHCORE.dll
0x00007ffbdff30000 - 0x00007ffbdff97000 	C:\WINDOWS\System32\shlwapi.dll
0x00007ffbdd660000 - 0x00007ffbdd689000 	C:\WINDOWS\SYSTEM32\profapi.dll
0x00007ffbb3980000 - 0x00007ffbb3990000 	C:\Program Files\Android\Android Studio\jbr\bin\net.dll
0x00007ffbd2750000 - 0x00007ffbd2877000 	C:\WINDOWS\SYSTEM32\WINHTTP.dll
0x00007ffbdcaf0000 - 0x00007ffbdcb5c000 	C:\WINDOWS\system32\mswsock.dll
0x00007ffbb1800000 - 0x00007ffbb1816000 	C:\Program Files\Android\Android Studio\jbr\bin\nio.dll
0x00007ffbb1a60000 - 0x00007ffbb1a70000 	C:\Program Files\Android\Android Studio\jbr\bin\verify.dll
0x00007ffbb6a40000 - 0x00007ffbb6a67000 	C:\Users\eliza\.gradle\native\660c5614fbf4a5f2a75b1949f50a0caf5cd603558e7d8a26e50b933a0cfb79d1\windows-amd64\native-platform.dll
0x00007ffbb3830000 - 0x00007ffbb38a7000 	C:\Users\eliza\.gradle\native\0.2.8\x86_64-windows-gnu\gradle-fileevents.dll
0x00007ffbb3900000 - 0x00007ffbb3909000 	C:\Program Files\Android\Android Studio\jbr\bin\management.dll
0x00007ffbb38b0000 - 0x00007ffbb38bb000 	C:\Program Files\Android\Android Studio\jbr\bin\management_ext.dll
0x00007ffbdfec0000 - 0x00007ffbdfec8000 	C:\WINDOWS\System32\PSAPI.DLL
0x00007ffbdbe40000 - 0x00007ffbdbe73000 	C:\WINDOWS\SYSTEM32\IPHLPAPI.DLL
0x00007ffbe0340000 - 0x00007ffbe034a000 	C:\WINDOWS\System32\NSI.dll
0x00007ffbb3970000 - 0x00007ffbb3979000 	C:\Program Files\Android\Android Studio\jbr\bin\extnet.dll
0x00007ffbdcdf0000 - 0x00007ffbdce0b000 	C:\WINDOWS\SYSTEM32\CRYPTSP.dll
0x00007ffbdc4a0000 - 0x00007ffbdc4d9000 	C:\WINDOWS\system32\rsaenh.dll
0x00007ffbdcbb0000 - 0x00007ffbdcbe2000 	C:\WINDOWS\SYSTEM32\USERENV.dll
0x00007ffbdd630000 - 0x00007ffbdd65a000 	C:\WINDOWS\SYSTEM32\bcrypt.dll
0x00007ffbdce10000 - 0x00007ffbdce1c000 	C:\WINDOWS\SYSTEM32\CRYPTBASE.dll
0x00007ffbb1140000 - 0x00007ffbb1148000 	C:\WINDOWS\system32\wshunix.dll
0x00007ffbdbed0000 - 0x00007ffbdc026000 	C:\WINDOWS\SYSTEM32\DNSAPI.dll
0x00007ffbdc8f0000 - 0x00007ffbdc8fd000 	C:\WINDOWS\SYSTEM32\DSPARSE.dll
0x00007ffbd28b0000 - 0x00007ffbd28bb000 	C:\Windows\System32\rasadhlp.dll
0x00007ffbd2d50000 - 0x00007ffbd2dd6000 	C:\WINDOWS\System32\fwpuclnt.dll

JVMTI agents:
C:\Users\eliza\.gradle\wrapper\dists\gradle-9.5.0-bin\bvnork1r7n8i6kp5cnkibsc9q\gradle-9.5.0\lib\agents\gradle-instrumentation-agent-9.5.0.jar path:C:\Program Files\Android\Android Studio\jbr\bin\instrument.dll, loaded, initialized, instrumentlib options:none

dbghelp: loaded successfully - version: 4.0.5 - missing functions: none
symbol engine: initialized successfully - sym options: 0x614 - pdb path: .;C:\Program Files\Android\Android Studio\jbr\bin;C:\WINDOWS\SYSTEM32;C:\WINDOWS\WinSxS\amd64_microsoft.windows.common-controls_6595b64144ccf1df_6.0.26100.8875_none_3e0d5d42e32fe9dd;C:\Program Files\Android\Android Studio\jbr\bin\server;C:\Users\eliza\.gradle\native\660c5614fbf4a5f2a75b1949f50a0caf5cd603558e7d8a26e50b933a0cfb79d1\windows-amd64;C:\Users\eliza\.gradle\native\0.2.8\x86_64-windows-gnu

VM Arguments:
jvm_args: --add-opens=java.base/java.lang=ALL-UNNAMED --add-opens=java.base/java.lang.invoke=ALL-UNNAMED --add-opens=java.base/java.util=ALL-UNNAMED --add-opens=java.prefs/java.util.prefs=ALL-UNNAMED --add-exports=jdk.compiler/com.sun.tools.javac.api=ALL-UNNAMED --add-exports=jdk.compiler/com.sun.tools.javac.util=ALL-UNNAMED --add-opens=java.base/java.nio.charset=ALL-UNNAMED --add-opens=java.base/java.net=ALL-UNNAMED --add-opens=java.base/java.util.concurrent=ALL-UNNAMED --add-opens=java.base/java.util.concurrent.atomic=ALL-UNNAMED --add-opens=java.xml/javax.xml.namespace=ALL-UNNAMED --add-opens=java.base/java.time=ALL-UNNAMED -Xmx2048m -Dfile.encoding=UTF-8 -Duser.country=FR -Duser.language=fr -Duser.variant -javaagent:C:\Users\eliza\.gradle\wrapper\dists\gradle-9.5.0-bin\bvnork1r7n8i6kp5cnkibsc9q\gradle-9.5.0\lib\agents\gradle-instrumentation-agent-9.5.0.jar 
java_command: org.gradle.launcher.daemon.bootstrap.GradleDaemon 9.5.0
java_class_path (initial): C:\Users\eliza\.gradle\wrapper\dists\gradle-9.5.0-bin\bvnork1r7n8i6kp5cnkibsc9q\gradle-9.5.0\lib\gradle-daemon-main-9.5.0.jar
Launcher Type: SUN_STANDARD

[Global flags]
     intx CICompilerCount                          = 4                                         {product} {ergonomic}
     uint ConcGCThreads                            = 3                                         {product} {ergonomic}
     uint G1ConcRefinementThreads                  = 10                                        {product} {ergonomic}
   size_t G1HeapRegionSize                         = 1048576                                   {product} {ergonomic}
    uintx GCDrainStackTargetSize                   = 64                                        {product} {ergonomic}
   size_t InitialHeapSize                          = 532676608                                 {product} {ergonomic}
   size_t MarkStackSize                            = 4194304                                   {product} {ergonomic}
   size_t MaxHeapSize                              = 2147483648                                {product} {command line}
   size_t MaxNewSize                               = 1287651328                                {product} {ergonomic}
   size_t MinHeapDeltaBytes                        = 1048576                                   {product} {ergonomic}
   size_t MinHeapSize                              = 8388608                                   {product} {ergonomic}
    uintx NonNMethodCodeHeapSize                   = 5839372                                {pd product} {ergonomic}
    uintx NonProfiledCodeHeapSize                  = 122909434                              {pd product} {ergonomic}
    uintx ProfiledCodeHeapSize                     = 122909434                              {pd product} {ergonomic}
    uintx ReservedCodeCacheSize                    = 251658240                              {pd product} {ergonomic}
     bool SegmentedCodeCache                       = true                                      {product} {ergonomic}
   size_t SoftMaxHeapSize                          = 2147483648                             {manageable} {ergonomic}
     bool UseCompressedOops                        = true                           {product lp64_product} {ergonomic}
     bool UseG1GC                                  = true                                      {product} {ergonomic}
     bool UseLargePagesIndividualAllocation        = false                                  {pd product} {ergonomic}

Logging:
Log output configuration:
 #0: stdout all=warning uptime,level,tags foldmultilines=false
 #1: stderr all=off uptime,level,tags foldmultilines=false

Release file:
JAVA_VERSION="21.0.10" 
MODULES="java.base java.compiler java.datatransfer java.xml java.prefs java.desktop java.instrument java.logging java.management java.security.sasl java.naming java.rmi java.management.rmi java.net.http java.scripting java.security.jgss java.transaction.xa java.sql java.sql.rowset java.xml.crypto java.se java.smartcardio jdk.accessibility jdk.internal.jvmstat jdk.attach jdk.charsets jdk.internal.opt jdk.zipfs jdk.compiler jdk.crypto.ec jdk.crypto.cryptoki jdk.dynalink jdk.hotspot.agent jdk.httpserver jdk.internal.ed jdk.internal.le jdk.internal.vm.ci jdk.jartool jdk.javadoc jdk.jcmd jdk.jdeps jdk.jdwp.agent jdk.jdi jdk.jfr jdk.jlink jdk.jsobject jdk.localedata jdk.management jdk.management.agent jdk.management.jfr jdk.naming.dns jdk.naming.rmi jdk.net jdk.sctp jdk.security.auth jdk.security.jgss jdk.unsupported jdk.unsupported.desktop jdk.xml.dom" 
IMPLEMENTOR="JetBrains s.r.o." 
JAVA_RUNTIME_VERSION="21.0.10+-14961533-b1163.108" 
LIBC="default" 
OS_ARCH="x86_64" 
OS_NAME="Windows" 
SOURCE=".:git:1351622c2ff2" 

Environment Variables:
PATH=C:\Program Files\Common Files\Oracle\Java\javapath;C:\Program Files\Eclipse Adoptium\jdk-17.0.8.7-hotspot\bin;C:\Windows\system32;C:\Windows;C:\Windows\System32\Wbem;C:\Windows\System32\WindowsPowerShell\v1.0\;C:\Windows\System32\OpenSSH\;C:\Program Files (x86)\NVIDIA Corporation\PhysX\Common;C:\Program Files\NVIDIA Corporation\NVIDIA NvDLISR;C:\Program Files\dotnet\;C:\WINDOWS\system32;C:\WINDOWS;C:\WINDOWS\System32\Wbem;C:\WINDOWS\System32\WindowsPowerShell\v1.0\;C:\WINDOWS\System32\OpenSSH\;C:\Program Files\Git\cmd;C:\Program Files\apache-maven-3.9.9\bin;C:\Program Files\Docker\Docker\resources\bin;C:\Program Files\ffmpeg\ffmpeg-7.1.1-full_build\bin;C:\Program Files\MongoDB\Tools\100\bin;C:\Program Files\WireGuard\;C:\Program Files\PowerShell\7\;C:\Users\eliza\AppData\Local\Programs\Eclipse Adoptium\jdk-21.0.4.7-hotspot\bin;C:\Users\eliza\AppData\Local\Microsoft\WindowsApps;C:\Users\eliza\AppData\Local\Programs\Microsoft VS Code\bin;C:\Program Files\MySQL\MySQL Server 8.4\bin;
USERNAME=eliza
OS=Windows_NT
PROCESSOR_IDENTIFIER=Intel64 Family 6 Model 141 Stepping 1, GenuineIntel
TMP=C:\Users\eliza\AppData\Local\Temp
TEMP=C:\Users\eliza\AppData\Local\Temp




Periodic native trim disabled

JNI global refs:
JNI global refs: 25, weak refs: 0

JNI global refs memory usage: 835, weak refs: 833

Process memory usage:
Resident Set Size: 717696K (2% of 33274660K total physical memory with 4348444K free physical memory)

OOME stack traces (most recent first):
Classloader memory used:
Loader org.gradle.internal.classloader.VisitableURLClassLoader                         : 50630K
Loader org.gradle.internal.classloader.VisitableURLClassLoader$InstrumentingVisitableURLClassLoader: 47899K
Loader org.gradle.internal.classloader.VisitableURLClassLoader                         : 35072K
Loader bootstrap                                                                       : 30336K
Loader org.gradle.initialization.MixInLegacyTypesClassLoader                           : 15757K
Loader jdk.internal.reflect.DelegatingClassLoader                                      : 1385K
Loader jdk.internal.loader.ClassLoaders$PlatformClassLoader                            : 476K
Loader jdk.internal.loader.ClassLoaders$AppClassLoader                                 : 189K
Loader org.gradle.groovy.scripts.internal.DefaultScriptCompilationHandler$ScriptClassLoader: 127K

Classes loaded by more than one classloader:
Class com.google.common.collect.Iterators$ArrayItr                                    : loaded 7 times (x 97B)
Class com.google.common.collect.Iterators$SingletonIterator                           : loaded 7 times (x 81B)
Class com.google.common.collect.Iterators                                             : loaded 7 times (x 71B)
Class com.google.common.collect.Lists$StringAsImmutableList                           : loaded 7 times (x 207B)
Class com.google.common.collect.Iterators$MergingIterator                             : loaded 7 times (x 81B)
Class com.google.common.collect.AbstractIterator                                      : loaded 7 times (x 82B)
Class com.google.common.collect.AbstractIndexedListIterator                           : loaded 7 times (x 96B)
Class com.google.common.collect.Iterators$1                                           : loaded 7 times (x 81B)
Class com.google.common.collect.Iterators$4                                           : loaded 7 times (x 82B)
Class com.google.common.collect.Iterators$5                                           : loaded 7 times (x 82B)
Class com.google.common.collect.ImmutableCollection                                   : loaded 7 times (x 125B)
Class com.google.common.collect.Lists                                                 : loaded 7 times (x 71B)
Class com.google.common.collect.Iterators$9                                           : loaded 7 times (x 81B)
Class com.google.common.collect.UnmodifiableIterator                                  : loaded 7 times (x 80B)
Class org.gradle.api.Action                                                           : loaded 7 times (x 70B)
Class org.gradle.api.GradleException                                                  : loaded 7 times (x 82B)
Class com.google.common.collect.UnmodifiableListIterator                              : loaded 7 times (x 95B)
Class com.google.common.collect.ImmutableList                                         : loaded 7 times (x 206B)
Class org.gradle.internal.IoActions                                                   : loaded 7 times (x 71B)
Class com.google.common.base.Preconditions                                            : loaded 7 times (x 71B)
Class com.google.common.collect.PeekingIterator                                       : loaded 7 times (x 70B)
Class kotlin.jvm.internal.markers.KMappedMarker                                       : loaded 6 times (x 70B)
Class com.google.common.base.CharMatcher$IsEither                                     : loaded 6 times (x 112B)
Class org.gradle.internal.time.Timer                                                  : loaded 6 times (x 70B)
Class com.google.common.base.CharMatcher$InRange                                      : loaded 6 times (x 112B)
Class org.jetbrains.kotlin.idea.gradleTooling.PrepareKotlinIdeImportTaskModel         : loaded 6 times (x 70B)
Class org.gradle.tooling.model.HasGradleProject                                       : loaded 6 times (x 70B)
Class org.gradle.tooling.model.BuildableElement                                       : loaded 6 times (x 70B)
Class kotlin.NoWhenBranchMatchedException                                             : loaded 6 times (x 82B)
Class org.jetbrains.kotlin.idea.gradleTooling.KotlinMPPGradleModel                    : loaded 6 times (x 70B)
Class io.opentelemetry.context.propagation.ContextPropagators                         : loaded 6 times (x 70B)
Class org.jetbrains.plugins.gradle.model.DependencyAccessorsModel                     : loaded 6 times (x 70B)
Class [Lio.opentelemetry.api.trace.ImmutableTraceFlags;                               : loaded 6 times (x 69B)
Class com.google.common.base.Joiner$2                                                 : loaded 6 times (x 80B)
Class com.google.common.base.CharMatcher$1                                            : loaded 6 times (x 114B)
Class com.google.common.base.CharMatcher$NamedFastMatcher                             : loaded 6 times (x 113B)
Class org.gradle.tooling.internal.adapter.ProtocolToModelAdapter$ViewGraphDetails     : loaded 6 times (x 72B)
Class com.google.common.base.Joiner$1                                                 : loaded 6 times (x 81B)
Class com.google.common.base.CharMatcher                                              : loaded 6 times (x 112B)
Class org.gradle.internal.time.Time                                                   : loaded 6 times (x 71B)
Class io.opentelemetry.api.trace.TraceFlags                                           : loaded 6 times (x 70B)
Class org.gradle.tooling.model.idea.IdeaProject                                       : loaded 6 times (x 70B)
Class org.gradle.tooling.model.HierarchicalElement                                    : loaded 6 times (x 70B)
Class io.opentelemetry.api.trace.PropagatedSpan                                       : loaded 6 times (x 112B)
Class com.google.common.collect.ImmutableList$1                                       : loaded 6 times (x 97B)
Class com.google.common.base.CharMatcher$Is                                           : loaded 6 times (x 112B)
Class com.google.common.base.CharMatcher$Negated                                      : loaded 6 times (x 114B)
Class org.jetbrains.plugins.gradle.model.tests.ExternalTestsModel                     : loaded 6 times (x 70B)
Class org.gradle.internal.exceptions.DefaultMultiCauseException                       : loaded 6 times (x 95B)
Class io.opentelemetry.api.OpenTelemetry                                              : loaded 6 times (x 70B)
Class kotlin.KotlinNullPointerException                                               : loaded 6 times (x 83B)
Class org.gradle.tooling.model.gradle.GradleBuild                                     : loaded 6 times (x 70B)
Class io.opentelemetry.context.ContextStorageProvider                                 : loaded 6 times (x 70B)
Class org.jetbrains.plugins.gradle.model.UnresolvedExternalDependency                 : loaded 6 times (x 70B)
Class org.jetbrains.plugins.gradle.model.GradleExtensions                             : loaded 6 times (x 70B)
Class org.jetbrains.plugins.gradle.model.AnnotationProcessingModel                    : loaded 6 times (x 70B)
Class org.gradle.tooling.internal.adapter.TargetTypeProvider                          : loaded 6 times (x 70B)
Class io.opentelemetry.api.trace.Span                                                 : loaded 6 times (x 70B)
Class org.gradle.tooling.model.ProjectModel                                           : loaded 6 times (x 70B)
Class kotlin.jvm.internal.Intrinsics                                                  : loaded 6 times (x 71B)
Class org.gradle.internal.time.CountdownTimer                                         : loaded 6 times (x 70B)
Class org.gradle.internal.exceptions.MultiCauseException                              : loaded 6 times (x 70B)
Class com.google.common.collect.ImmutableSet$RegularSetBuilderImpl                    : loaded 6 times (x 77B)
Class com.intellij.gradle.toolingExtension.model.repositoryModel.ProjectRepositoriesModel: loaded 6 times (x 70B)
Class io.opentelemetry.context.propagation.NoopTextMapPropagator                      : loaded 6 times (x 76B)
Class org.jetbrains.kotlin.tooling.core.HasMutableExtras                              : loaded 6 times (x 70B)
Class kotlin.enums.EnumEntriesKt                                                      : loaded 6 times (x 71B)
Class io.opentelemetry.api.internal.OtelEncodingUtils                                 : loaded 6 times (x 71B)
Class org.gradle.internal.operations.MultipleBuildOperationFailures                   : loaded 6 times (x 95B)
Class org.gradle.tooling.model.DomainObjectSet                                        : loaded 6 times (x 70B)
Class org.gradle.tooling.internal.adapter.ProtocolToModelAdapter$ReflectionMethodInvoker: loaded 6 times (x 76B)
Class io.opentelemetry.context.LazyStorage                                            : loaded 6 times (x 71B)
Class org.jetbrains.plugins.gradle.model.AnnotationProcessingConfig                   : loaded 6 times (x 70B)
Class org.gradle.tooling.model.eclipse.HierarchicalEclipseProject                     : loaded 6 times (x 70B)
Class io.opentelemetry.api.trace.TraceState                                           : loaded 6 times (x 70B)
Class org.gradle.tooling.internal.adapter.ViewBuilder                                 : loaded 6 times (x 70B)
Class io.opentelemetry.api.trace.SpanContextKey                                       : loaded 6 times (x 71B)
Class org.gradle.tooling.model.idea.IdeaModuleDependency                              : loaded 6 times (x 70B)
Class org.gradle.internal.exceptions.NonGradleCauseExceptionsHolder                   : loaded 6 times (x 70B)
Class org.gradle.util.GradleVersion                                                   : loaded 6 times (x 81B)
Class io.opentelemetry.api.trace.AutoValue_ArrayBasedTraceState                       : loaded 6 times (x 87B)
Class com.google.common.base.CharMatcher$NegatedFastMatcher                           : loaded 6 times (x 114B)
Class org.gradle.tooling.internal.adapter.WeakIdentityHashMap$AbsentValueProvider     : loaded 6 times (x 70B)
Class io.opentelemetry.api.trace.TracerProvider                                       : loaded 6 times (x 70B)
Class io.opentelemetry.api.GlobalOpenTelemetry                                        : loaded 6 times (x 71B)
Class org.jetbrains.kotlin.idea.gradleTooling.AndroidAwareGradleModelProvider$Companion: loaded 6 times (x 71B)
Class com.google.common.base.Predicate                                                : loaded 6 times (x 70B)
Class io.opentelemetry.api.trace.ArrayBasedTraceStateBuilder                          : loaded 6 times (x 77B)
Class com.google.common.base.CharMatcher$FastMatcher                                  : loaded 6 times (x 112B)
Class org.gradle.internal.Cast                                                        : loaded 6 times (x 71B)
Class org.gradle.tooling.model.idea.IdeaDependency                                    : loaded 6 times (x 70B)
Class org.gradle.tooling.model.eclipse.EclipseProject                                 : loaded 6 times (x 70B)
Class com.google.common.collect.ImmutableSet$SetBuilderImpl                           : loaded 6 times (x 76B)
Class io.opentelemetry.context.propagation.TextMapSetter                              : loaded 6 times (x 70B)
Class io.opentelemetry.context.ContextKey                                             : loaded 6 times (x 70B)
Class io.opentelemetry.api.trace.ArrayBasedTraceState                                 : loaded 6 times (x 86B)
Class com.google.common.base.CharMatcher$Or                                           : loaded 6 times (x 113B)
Class io.opentelemetry.api.trace.Tracer                                               : loaded 6 times (x 70B)
Class org.gradle.tooling.model.gradle.ProjectPublications                             : loaded 6 times (x 70B)
Class io.opentelemetry.context.Scope                                                  : loaded 6 times (x 70B)
Class kotlin.collections.AbstractList$Companion                                       : loaded 6 times (x 71B)
Class com.google.common.base.CharMatcher$BitSetMatcher                                : loaded 6 times (x 113B)
Class [Lio.opentelemetry.context.ThreadLocalContextStorage;                           : loaded 6 times (x 69B)
Class org.gradle.util.internal.DefaultGradleVersion                                   : loaded 6 times (x 82B)
Class io.opentelemetry.api.trace.SpanId                                               : loaded 6 times (x 71B)
Class org.jetbrains.kotlin.tooling.core.Extras                                        : loaded 6 times (x 70B)
Class io.opentelemetry.context.ArrayBasedContext                                      : loaded 6 times (x 100B)
Class kotlin.collections.AbstractCollection                                           : loaded 6 times (x 117B)
Class kotlin.collections.AbstractList                                                 : loaded 6 times (x 197B)
Class org.gradle.tooling.model.Element                                                : loaded 6 times (x 70B)
Class org.gradle.tooling.internal.adapter.ProtocolToModelAdapter$NoOpDecoration       : loaded 6 times (x 79B)
Class org.gradle.tooling.internal.adapter.TypeInspector                               : loaded 6 times (x 73B)
Class io.opentelemetry.context.propagation.TextMapPropagator                          : loaded 6 times (x 70B)
Class org.gradle.tooling.model.BuildModel                                             : loaded 6 times (x 70B)
Class org.jetbrains.plugins.gradle.model.FileCollectionDependency                     : loaded 6 times (x 70B)
Class org.gradle.internal.time.Clock                                                  : loaded 6 times (x 70B)
Class io.opentelemetry.api.DefaultOpenTelemetry                                       : loaded 6 times (x 89B)
Class io.opentelemetry.api.trace.SpanBuilder                                          : loaded 6 times (x 70B)
Class io.opentelemetry.context.ThreadLocalContextStorage$ScopeImpl                    : loaded 6 times (x 79B)
Class kotlin.jvm.internal.DefaultConstructorMarker                                    : loaded 6 times (x 71B)
Class org.gradle.internal.time.TimeSource$1                                           : loaded 6 times (x 77B)
Class io.opentelemetry.context.propagation.TextMapGetter                              : loaded 6 times (x 70B)
Class org.jetbrains.kotlin.tooling.core.HasExtras                                     : loaded 6 times (x 70B)
Class com.google.common.collect.RegularImmutableList                                  : loaded 6 times (x 207B)
Class org.gradle.internal.exceptions.ResolutionProvider                               : loaded 6 times (x 70B)
Class com.google.common.base.Function                                                 : loaded 6 times (x 70B)
Class kotlin.enums.EnumEntries                                                        : loaded 6 times (x 70B)
Class org.gradle.tooling.model.kotlin.dsl.KotlinDslScriptsModel                       : loaded 6 times (x 70B)
Class org.gradle.internal.time.TimeSource                                             : loaded 6 times (x 70B)
Class org.jetbrains.plugins.gradle.model.RepositoryModels                             : loaded 6 times (x 70B)
Class com.google.common.base.CharMatcher$IsNot                                        : loaded 6 times (x 112B)
Class io.opentelemetry.context.ContextStorage                                         : loaded 6 times (x 70B)
Class org.jetbrains.kotlin.idea.gradleTooling.AndroidAwareGradleModelProvider         : loaded 6 times (x 79B)
Class org.gradle.internal.time.MonotonicClock                                         : loaded 6 times (x 77B)
Class com.intellij.gradle.toolingExtension.impl.telemetry.GradleOpenTelemetry         : loaded 6 times (x 72B)
Class org.gradle.tooling.model.GradleProject                                          : loaded 6 times (x 70B)
Class [Lio.opentelemetry.context.Scope;                                               : loaded 6 times (x 69B)
Class com.google.common.collect.ImmutableAsList                                       : loaded 6 times (x 209B)
Class org.jetbrains.plugins.gradle.javaModel.JavaGradleManifestModel                  : loaded 6 times (x 70B)
Class com.google.common.collect.ImmutableSet$CachingAsList                            : loaded 6 times (x 148B)
Class com.google.common.collect.ImmutableList$SubList                                 : loaded 6 times (x 207B)
Class io.opentelemetry.api.trace.TraceId                                              : loaded 6 times (x 71B)
Class com.google.common.base.CharMatcher$AnyOf                                        : loaded 6 times (x 113B)
Class org.gradle.tooling.model.idea.BasicIdeaProject                                  : loaded 6 times (x 70B)
Class com.google.common.base.CharMatcher$ForPredicate                                 : loaded 6 times (x 113B)
Class org.jetbrains.plugins.gradle.model.ProjectImportModelProvider                   : loaded 6 times (x 70B)
Class io.opentelemetry.api.internal.ImmutableSpanContext                              : loaded 6 times (x 91B)
Class org.jetbrains.plugins.gradle.model.VersionCatalogsModel                         : loaded 6 times (x 70B)
Class org.gradle.tooling.internal.adapter.ObjectGraphAdapter                          : loaded 6 times (x 70B)
Class org.gradle.tooling.internal.adapter.WeakIdentityHashMap                         : loaded 6 times (x 76B)
Class org.jetbrains.plugins.gradle.model.ExternalDependency                           : loaded 6 times (x 70B)
Class org.jetbrains.plugins.gradle.model.IntelliJProjectSettings                      : loaded 6 times (x 70B)
Class org.gradle.tooling.internal.adapter.ProtocolToModelAdapter$MethodInvocationCache: loaded 6 times (x 73B)
Class io.opentelemetry.context.Context                                                : loaded 6 times (x 70B)
Class com.google.common.collect.SingletonImmutableSet                                 : loaded 6 times (x 146B)
Class kotlin.UninitializedPropertyAccessException                                     : loaded 6 times (x 82B)
Class org.gradle.tooling.GradleConnectionException                                    : loaded 6 times (x 83B)
Class org.gradle.tooling.model.Model                                                  : loaded 6 times (x 70B)
Class io.opentelemetry.context.ThreadLocalContextStorage                              : loaded 6 times (x 85B)
Class org.jetbrains.kotlin.idea.gradleTooling.KotlinGradleModel                       : loaded 6 times (x 70B)
Class com.intellij.platform.diagnostic.telemetry.rt.context.TelemetryContext          : loaded 6 times (x 134B)
Class [Lio.opentelemetry.context.ContextStorage;                                      : loaded 6 times (x 69B)
Class [Lio.opentelemetry.api.trace.TraceFlags;                                        : loaded 6 times (x 69B)
Class com.google.common.collect.ImmutableList$ReverseImmutableList                    : loaded 6 times (x 207B)
Class org.jetbrains.plugins.gradle.model.ExternalProjectDependency                    : loaded 6 times (x 70B)
Class com.google.common.collect.SingletonImmutableList                                : loaded 6 times (x 207B)
Class io.opentelemetry.api.trace.ImmutableTraceFlags                                  : loaded 6 times (x 77B)
Class io.opentelemetry.api.internal.AutoValue_ImmutableSpanContext                    : loaded 6 times (x 92B)
Class com.intellij.openapi.externalSystem.model.project.dependencies.ProjectDependencies: loaded 6 times (x 70B)
Class io.opentelemetry.api.trace.TraceStateBuilder                                    : loaded 6 times (x 70B)
Class org.gradle.tooling.internal.adapter.ProtocolToModelAdapter$1                    : loaded 6 times (x 75B)
Class org.gradle.internal.time.DefaultCountdownTimer                                  : loaded 6 times (x 88B)
Class io.opentelemetry.api.GlobalOpenTelemetry$ObfuscatedOpenTelemetry                : loaded 6 times (x 92B)
Class io.opentelemetry.api.internal.IncubatingUtil                                    : loaded 6 times (x 71B)
Class org.gradle.tooling.internal.adapter.ProtocolToModelAdapter$ViewDecoration       : loaded 6 times (x 70B)
Class io.opentelemetry.context.DefaultContextKey                                      : loaded 6 times (x 72B)
Class io.opentelemetry.context.ImplicitContextKeyed                                   : loaded 6 times (x 70B)
Class com.google.common.base.CharMatcher$And                                          : loaded 6 times (x 113B)
Class org.gradle.internal.time.DefaultTimer                                           : loaded 6 times (x 80B)
Class io.opentelemetry.context.ThreadLocalContextStorage$NoopScope                    : loaded 6 times (x 85B)
Class [Lio.opentelemetry.context.ThreadLocalContextStorage$NoopScope;                 : loaded 6 times (x 69B)
Class org.gradle.tooling.internal.adapter.ProtocolToModelAdapter                      : loaded 6 times (x 80B)
Class com.google.common.collect.RegularImmutableSet                                   : loaded 6 times (x 149B)
Class io.opentelemetry.api.trace.DefaultTracerProvider                                : loaded 6 times (x 79B)
Class io.opentelemetry.api.trace.DefaultTracer                                        : loaded 6 times (x 74B)
Class org.jetbrains.kotlin.idea.gradleTooling.KotlinDslScriptAdditionalTask           : loaded 6 times (x 70B)
Class org.jetbrains.kotlin.idea.gradleTooling.KotlinGradlePluginVersion               : loaded 6 times (x 70B)
Class com.intellij.compose.ide.plugin.gradleTooling.rt.ComposeResourcesModel          : loaded 6 times (x 70B)
Class org.gradle.tooling.internal.adapter.CollectionMapper                            : loaded 6 times (x 73B)
Class com.google.common.collect.RegularImmutableAsList                                : loaded 6 times (x 217B)
Class io.opentelemetry.api.trace.DefaultTracer$NoopSpanBuilder                        : loaded 6 times (x 91B)
Class io.opentelemetry.api.trace.SpanContext                                          : loaded 6 times (x 70B)
Class com.intellij.platform.diagnostic.telemetry.rt.context.TelemetryContextGetter    : loaded 6 times (x 75B)
Class org.gradle.tooling.model.Dependency                                             : loaded 6 times (x 70B)
Class com.google.common.collect.ImmutableList$Builder                                 : loaded 6 times (x 77B)
Class org.gradle.tooling.internal.adapter.MethodInvoker                               : loaded 6 times (x 70B)
Class com.google.common.collect.ImmutableSet                                          : loaded 6 times (x 145B)
Class org.jetbrains.kotlin.idea.gradleTooling.KotlinSourceSetContainer                : loaded 6 times (x 70B)
Class org.jetbrains.plugins.gradle.model.IntelliJSettings                             : loaded 6 times (x 70B)
Class io.opentelemetry.context.propagation.DefaultContextPropagators                  : loaded 6 times (x 75B)
Class io.opentelemetry.context.ContextStorageWrappers                                 : loaded 6 times (x 71B)
Class com.google.common.base.Joiner                                                   : loaded 6 times (x 80B)
Class kotlin.NotImplementedError                                                      : loaded 6 times (x 82B)
Class com.google.common.collect.ImmutableCollection$Builder                           : loaded 6 times (x 76B)
Class kotlin.enums.EnumEntriesList                                                    : loaded 6 times (x 223B)
Class org.jetbrains.plugins.gradle.model.ExternalLibraryDependency                    : loaded 6 times (x 70B)
Class com.amazon.ion.impl._Private_ByteTransferSink                                   : loaded 5 times (x 70B)
Class org.gradle.tooling.model.gradle.GradleScript                                    : loaded 5 times (x 70B)
Class kotlin.jvm.KotlinReflectionNotSupportedError                                    : loaded 5 times (x 82B)
Class com.android.ide.gradle.model.LegacyAndroidGradlePluginProperties                : loaded 5 times (x 70B)
Class kotlin.ranges.IntProgression                                                    : loaded 5 times (x 81B)
Class kotlin.text.StringsKt__RegexExtensionsJVMKt                                     : loaded 5 times (x 71B)
Class com.android.builder.model.v2.ide.AbstractArtifact                               : loaded 5 times (x 70B)
Class com.google.common.collect.Lists$RandomAccessReverseList                         : loaded 5 times (x 200B)
Class com.google.common.collect.AllEqualOrdering                                      : loaded 5 times (x 114B)
Class kotlin.collections.ArraysKt___ArraysJvmKt                                       : loaded 5 times (x 71B)
Class kotlin.collections.CollectionsKt__CollectionsKt                                 : loaded 5 times (x 71B)
Class com.android.ide.common.gradle.Part                                              : loaded 5 times (x 77B)
Class com.intellij.openapi.externalSystem.model.project.dependencies.ResolutionState  : loaded 5 times (x 79B)
Class com.amazon.ion.impl._Private_IonBinaryWriterBuilder                             : loaded 5 times (x 115B)
Class com.amazon.ion.BufferConfiguration$DataHandler                                  : loaded 5 times (x 70B)
Class com.amazon.ion.impl.bin.IonManagedBinaryWriter$ImportedSymbolResolverMode$1$1   : loaded 5 times (x 78B)
Class com.amazon.ion.impl._Private_LocalSymbolTable                                   : loaded 5 times (x 70B)
Class com.amazon.ion.ReadOnlyValueException                                           : loaded 5 times (x 84B)
Class com.amazon.ion.IonSexp                                                          : loaded 5 times (x 70B)
Class kotlin.text.Regex$Companion                                                     : loaded 5 times (x 71B)
Class com.amazon.ion.UnexpectedEofException                                           : loaded 5 times (x 84B)
Class gnu.trove.PrimeFinder                                                           : loaded 5 times (x 71B)
Class org.gradle.tooling.BuildAction                                                  : loaded 5 times (x 70B)
Class com.intellij.gradle.toolingExtension.impl.modelAction.GradleModelFetchAction    : loaded 5 times (x 86B)
Class com.intellij.gradle.toolingExtension.impl.model.buildScriptClasspathModel.GradleBuildScriptClasspathModelProvider: loaded 5 times (x 79B)
Class org.gradle.tooling.UnsupportedVersionException                                  : loaded 5 times (x 83B)
Class com.amazon.ion.IonDatagram                                                      : loaded 5 times (x 70B)
Class com.android.tools.idea.gradle.project.sync.SelectedVariants                     : loaded 5 times (x 72B)
Class com.amazon.ion.IonValue                                                         : loaded 5 times (x 70B)
Class org.jetbrains.plugins.gradle.tooling.serialization.GradleExtensionsSerializationService$ReadContext: loaded 5 times (x 72B)
Class com.google.common.collect.LexicographicalOrdering                               : loaded 5 times (x 115B)
Class com.amazon.ion.impl.lite.ContainerlessContext                                   : loaded 5 times (x 80B)
Class org.jetbrains.plugins.gradle.model.ProjectImportModelProvider$GradleModelConsumer: loaded 5 times (x 70B)
Class org.gradle.tooling.internal.adapter.ProtocolToModelAdapter$2                    : loaded 5 times (x 78B)
Class com.intellij.gradle.toolingExtension.impl.model.sourceSetModel.GradleSourceSetSerialisationService$SourceSetModelWriteContext: loaded 5 times (x 72B)
Class kotlin.coroutines.jvm.internal.DebugProbesKt                                    : loaded 5 times (x 71B)
Class com.google.common.collect.ImmutableRangeSet$AsSet                               : loaded 5 times (x 300B)
Class kotlin.jvm.internal.FunctionReference                                           : loaded 5 times (x 126B)
Class kotlin.coroutines.CoroutineContext                                              : loaded 5 times (x 70B)
Class [Lkotlin.coroutines.intrinsics.CoroutineSingletons;                             : loaded 5 times (x 69B)
Class kotlin.jvm.internal.FunctionBase                                                : loaded 5 times (x 70B)
Class com.amazon.ion.impl.bin.IonManagedBinaryWriter$UserState$1                      : loaded 5 times (x 85B)
Class com.android.builder.model.v2.dsl.BuildType                                      : loaded 5 times (x 70B)
Class kotlin.ranges.IntProgressionIterator                                            : loaded 5 times (x 82B)
Class com.amazon.ion.impl.bin.IonRawBinaryWriter$ContainerType                        : loaded 5 times (x 79B)
Class com.amazon.ion.impl._Private_IonTextWriterBuilder$Mutable                       : loaded 5 times (x 102B)
Class kotlin.text.StringsKt__StringsKt                                                : loaded 5 times (x 71B)
Class com.android.builder.model.v2.ide.ViewBindingOptions                             : loaded 5 times (x 70B)
Class kotlin.comparisons.ComparisonsKt___ComparisonsJvmKt                             : loaded 5 times (x 71B)
Class com.intellij.gradle.toolingExtension.impl.model.sourceSetModel.GradleSourceSetSerialisationService$SourceSetModelReadContext: loaded 5 times (x 72B)
Class com.intellij.gradle.toolingExtension.impl.model.utilTurnOffDefaultTasksModel.TurnOffDefaultTasks: loaded 5 times (x 70B)
Class org.jetbrains.plugins.gradle.tooling.serialization.GradleExtensionsSerializationService: loaded 5 times (x 77B)
Class kotlin.collections.CollectionsKt                                                : loaded 5 times (x 71B)
Class kotlin.collections.CollectionsKt__IteratorsJVMKt                                : loaded 5 times (x 71B)
Class kotlin.io.NoSuchFileException                                                   : loaded 5 times (x 82B)
Class com.android.utils.StringHelper                                                  : loaded 5 times (x 71B)
Class com.amazon.ion.IonCatalog                                                       : loaded 5 times (x 70B)
Class com.amazon.ion.system.IonSystemBuilder                                          : loaded 5 times (x 75B)
Class com.amazon.ion.impl._Private_IonWriterBase                                      : loaded 5 times (x 162B)
Class [Lcom.amazon.ion.impl.bin.IonManagedBinaryWriter$SymbolState;                   : loaded 5 times (x 69B)
Class org.gradle.tooling.internal.consumer.connection.ParameterAwareBuildControllerAdapter: loaded 5 times (x 112B)
Class org.gradle.api.JavaVersion                                                      : loaded 5 times (x 79B)
Class kotlin.text.MatchGroupCollection                                                : loaded 5 times (x 70B)
Class org.gradle.tooling.internal.adapter.ProtocolToModelAdapter$MethodInvocationCache$MethodInvocationKey: loaded 5 times (x 73B)
Class com.intellij.gradle.toolingExtension.impl.model.taskModel.GradleTaskSerialisationService$Companion: loaded 5 times (x 71B)
Class org.jetbrains.plugins.gradle.tooling.serialization.GradleExtensionsSerializationService$WriteContext: loaded 5 times (x 72B)
Class kotlin.coroutines.jvm.internal.CoroutineStackFrame                              : loaded 5 times (x 70B)
Class kotlin.coroutines.intrinsics.IntrinsicsKt__IntrinsicsJvmKt                      : loaded 5 times (x 71B)
Class kotlin.text.MatcherMatchResult                                                  : loaded 5 times (x 80B)
Class com.android.builder.model.v2.ide.TestInfo$Execution                             : loaded 5 times (x 79B)
Class com.google.common.collect.ForwardingObject                                      : loaded 5 times (x 72B)
Class com.amazon.ion.impl.bin.PooledBlockAllocatorProvider$PooledBlockAllocator       : loaded 5 times (x 81B)
Class kotlin.jvm.internal.StringCompanionObject                                       : loaded 5 times (x 71B)
Class kotlin.jvm.internal.Ref$BooleanRef                                              : loaded 5 times (x 71B)
Class kotlin.Result                                                                   : loaded 5 times (x 72B)
Class com.amazon.ion.SymbolTable                                                      : loaded 5 times (x 70B)
Class com.amazon.ion.impl.bin.IonManagedBinaryWriter$ImportDescriptor                 : loaded 5 times (x 76B)
Class org.jetbrains.kotlin.idea.projectModel.KotlinTargetJar                          : loaded 5 times (x 70B)
Class com.intellij.gradle.toolingExtension.impl.util.GradleExecutorServiceUtil        : loaded 5 times (x 71B)
Class com.amazon.ion.impl.IonWriterSystem                                             : loaded 5 times (x 171B)
Class com.amazon.ion.impl.bin.Symbols$2                                               : loaded 5 times (x 107B)
Class com.amazon.ion.impl.bin._Private_IonManagedWriter                               : loaded 5 times (x 70B)
Class kotlin.sequences.FlatteningSequence                                             : loaded 5 times (x 75B)
Class com.android.ide.gradle.model.GradlePropertiesModel                              : loaded 5 times (x 70B)
Class com.amazon.ion.IonTimestamp                                                     : loaded 5 times (x 70B)
Class kotlin.sequences.TransformingSequence$iterator$1                                : loaded 5 times (x 79B)
Class kotlin.Pair                                                                     : loaded 5 times (x 72B)
Class com.intellij.gradle.toolingExtension.util.GradleVersionUtil                     : loaded 5 times (x 71B)
Class org.gradle.tooling.internal.adapter.ProtocolToModelAdapter$SupportedPropertyInvoker: loaded 5 times (x 76B)
Class org.gradle.tooling.model.UnsupportedMethodException                             : loaded 5 times (x 82B)
Class com.android.ide.gradle.model.dependencies.DeclaredDependencies                  : loaded 5 times (x 70B)
Class kotlin.coroutines.jvm.internal.SuspendFunction                                  : loaded 5 times (x 70B)
Class org.jetbrains.plugins.gradle.tooling.serialization.internal.IdeaProjectSerializationService$ReadContext: loaded 5 times (x 72B)
Class com.android.builder.model.v2.ide.BasicArtifact                                  : loaded 5 times (x 70B)
Class com.amazon.ion.SubstituteSymbolTableException                                   : loaded 5 times (x 84B)
Class com.amazon.ion.impl.lite.IonContainerLite                                       : loaded 5 times (x 249B)
Class com.amazon.ion.IonBufferConfiguration$OversizedSymbolTableHandler               : loaded 5 times (x 70B)
Class com.amazon.ion.facet.Faceted                                                    : loaded 5 times (x 70B)
Class com.amazon.ion.system.IonWriterBuilder                                          : loaded 5 times (x 74B)
Class org.jetbrains.plugins.gradle.tooling.serialization.ToolingStreamApiUtils        : loaded 5 times (x 71B)
Class com.android.builder.model.v2.ide.BytecodeTransformation                         : loaded 5 times (x 79B)
Class org.jetbrains.kotlin.idea.gradleTooling.IdeaKotlinDependenciesContainer         : loaded 5 times (x 70B)
Class kotlin.collections.CollectionsKt__MutableCollectionsKt                          : loaded 5 times (x 71B)
Class com.amazon.ion.impl.SymbolTokenImpl                                             : loaded 5 times (x 81B)
Class com.amazon.ion.IonText                                                          : loaded 5 times (x 70B)
Class com.amazon.ion.impl.bin.utf8.Pool$Allocator                                     : loaded 5 times (x 70B)
Class com.amazon.ion.impl.bin.utf8.Utf8StringEncoder$Result                           : loaded 5 times (x 74B)
Class com.android.tools.idea.gradle.project.sync.AdditionalClassifierArtifactsActionOptions: loaded 5 times (x 72B)
Class com.android.builder.model.v2.ide.LintOptions                                    : loaded 5 times (x 70B)
Class com.amazon.ion.impl.bin.utf8.Poolable                                           : loaded 5 times (x 79B)
Class com.amazon.ion.IonSymbol                                                        : loaded 5 times (x 70B)
Class [Lcom.amazon.ion.impl.bin.IonRawBinaryWriter$ContainerType;                     : loaded 5 times (x 69B)
Class com.amazon.ion.impl.bin.IonManagedBinaryWriter$UserState$2                      : loaded 5 times (x 85B)
Class com.android.builder.model.v2.ide.SourceSetContainer                             : loaded 5 times (x 70B)
Class kotlin.io.TerminateException                                                    : loaded 5 times (x 82B)
Class kotlin.io.FilesKt__FilePathComponentsKt                                         : loaded 5 times (x 71B)
Class com.android.builder.model.v2.ide.CodeShrinker                                   : loaded 5 times (x 79B)
Class org.jetbrains.plugins.gradle.model.GradleExtension                              : loaded 5 times (x 70B)
Class com.google.common.collect.ImmutableRangeSet$1                                   : loaded 5 times (x 210B)
Class kotlin.reflect.KCallable                                                        : loaded 5 times (x 70B)
Class org.jetbrains.plugins.gradle.tooling.serialization.AnnotationProcessingModelSerializationService$WriteContext: loaded 5 times (x 72B)
Class org.jetbrains.plugins.gradle.model.ClasspathEntryModel                          : loaded 5 times (x 70B)
Class org.jetbrains.kotlin.idea.gradleTooling.model.kapt.KaptGradleModel              : loaded 5 times (x 70B)
Class com.amazon.ion.IonBufferConfiguration$Builder                                   : loaded 5 times (x 78B)
Class com.amazon.ion.impl.lite.IonStructLite                                          : loaded 5 times (x 299B)
Class com.amazon.ion.impl._Private_ReaderWriter                                       : loaded 5 times (x 70B)
Class com.amazon.ion.impl.bin.AbstractSymbolTable                                     : loaded 5 times (x 107B)
Class com.amazon.ion.Decimal                                                          : loaded 5 times (x 133B)
Class com.amazon.ion.impl.bin._Private_IonManagedBinaryWriterBuilder$AllocatorMode$1  : loaded 5 times (x 80B)
Class kotlin.text.CharsKt                                                             : loaded 5 times (x 71B)
Class com.amazon.ion.impl.lite.IonDecimalLite                                         : loaded 5 times (x 189B)
Class com.google.common.collect.Range                                                 : loaded 5 times (x 86B)
Class org.gradle.tooling.internal.consumer.connection.InternalBuildActionAdapter      : loaded 5 times (x 80B)
Class org.gradle.tooling.model.kotlin.dsl.KotlinDslScriptModel                        : loaded 5 times (x 70B)
Class com.intellij.gradle.toolingExtension.impl.util.collectionUtil.GradleCollections : loaded 5 times (x 71B)
Class org.jetbrains.plugins.gradle.tooling.serialization.ProjectDependenciesSerializationService$WriteContext: loaded 5 times (x 72B)
Class org.jetbrains.plugins.gradle.tooling.serialization.ProjectDependenciesSerializationService: loaded 5 times (x 77B)
Class com.amazon.ion.impl._Private_IonValue                                           : loaded 5 times (x 70B)
Class kotlin.sequences.FilteringSequence$iterator$1                                   : loaded 5 times (x 79B)
Class org.gradle.tooling.internal.consumer.connection.HasCompatibilityMapping         : loaded 5 times (x 73B)
Class com.amazon.ion.impl.lite.IonFloatLite                                           : loaded 5 times (x 187B)
Class com.amazon.ion.impl._Private_IonTextWriterBuilder                               : loaded 5 times (x 102B)
Class com.amazon.ion.impl.bin._Private_IonManagedBinaryWriterBuilder$AllocatorMode$2  : loaded 5 times (x 80B)
Class [Lcom.android.builder.model.v2.ide.LibraryType;                                 : loaded 5 times (x 69B)
Class com.android.builder.model.v2.ide.LibraryType                                    : loaded 5 times (x 79B)
Class com.android.ide.gradle.model.GradlePluginModel                                  : loaded 5 times (x 70B)
Class org.gradle.tooling.model.build.JavaEnvironment                                  : loaded 5 times (x 70B)
Class com.google.common.collect.ExplicitOrdering                                      : loaded 5 times (x 115B)
Class com.android.builder.model.v2.models.VariantDependenciesFlatList                 : loaded 5 times (x 70B)
Class com.google.common.collect.ReverseOrdering                                       : loaded 5 times (x 115B)
Class com.android.builder.model.v2.ide.Edge                                           : loaded 5 times (x 70B)
Class com.amazon.ion.impl.bin.IonRawBinaryWriter$PreallocationMode$3                  : loaded 5 times (x 82B)
Class com.intellij.gradle.toolingExtension.impl.model.sourceSetModel.GradleSourceSetModelProvider: loaded 5 times (x 79B)
Class org.gradle.tooling.model.build.BuildEnvironment                                 : loaded 5 times (x 70B)
Class com.amazon.ion.impl._Private_IonReaderBuilder                                   : loaded 5 times (x 97B)
Class com.amazon.ion.IonMutableCatalog                                                : loaded 5 times (x 70B)
Class com.android.builder.model.v2.ide.VectorDrawablesOptions                         : loaded 5 times (x 70B)
Class com.amazon.ion.impl.bin.IonRawBinaryWriter$PreallocationMode$2                  : loaded 5 times (x 82B)
Class com.amazon.ion.IonInt                                                           : loaded 5 times (x 70B)
Class kotlin.jvm.internal.CollectionToArray                                           : loaded 5 times (x 71B)
Class org.jetbrains.plugins.gradle.ExternalDependencyId                               : loaded 5 times (x 70B)
Class org.jetbrains.kotlin.idea.projectModel.KotlinPlatform                           : loaded 5 times (x 79B)
Class gnu.trove.THash                                                                 : loaded 5 times (x 81B)
Class com.intellij.gradle.toolingExtension.impl.model.buildScriptClasspathModel.GradleBuildScriptClasspathSerializationService$WriteContext: loaded 5 times (x 72B)
Class org.gradle.tooling.internal.consumer.versioning.VersionDetails$R44VersionDetails: loaded 5 times (x 80B)
Class kotlin.collections.CollectionsKt___CollectionsKt$asSequence$$inlined$Sequence$1 : loaded 5 times (x 75B)
Class kotlin.io.FilesKt__FileTreeWalkKt                                               : loaded 5 times (x 71B)
Class kotlin.sequences.SequencesKt__SequenceBuilderKt                                 : loaded 5 times (x 71B)
Class org.gradle.tooling.model.BuildIdentifier                                        : loaded 5 times (x 70B)
Class com.android.ide.common.gradle.Separator                                         : loaded 5 times (x 79B)
Class com.android.builder.model.v2.ide.AndroidGradlePluginProjectFlags$BooleanFlag    : loaded 5 times (x 79B)
Class kotlin.collections.MapsKt__MapsJVMKt                                            : loaded 5 times (x 71B)
Class kotlin.collections.EmptyList                                                    : loaded 5 times (x 174B)
Class com.intellij.gradle.toolingExtension.impl.model.dependencyDownloadPolicyModel.GradleDependencyDownloadPolicy: loaded 5 times (x 70B)
Class [Lcom.amazon.ion.impl.bin._Private_IonManagedBinaryWriterBuilder$AllocatorMode; : loaded 5 times (x 69B)
Class com.amazon.ion.impl.bin.IonRawBinaryWriter$PreallocationMode$1                  : loaded 5 times (x 82B)
Class com.amazon.ion.impl._Private_ValueFactory                                       : loaded 5 times (x 70B)
Class com.amazon.ion.impl.lite.IonClobLite                                            : loaded 5 times (x 221B)
Class kotlin.collections.CollectionsKt__ReversedViewsKt                               : loaded 5 times (x 71B)
Class com.amazon.ion.impl.bin.PooledBlockAllocatorProvider$PooledBlockAllocator$1     : loaded 5 times (x 79B)
Class com.amazon.ion.impl.lite.IonStringLite                                          : loaded 5 times (x 213B)
Class com.intellij.gradle.toolingExtension.impl.model.sourceSetModel.GradleSourceSetSerialisationService$Companion: loaded 5 times (x 71B)
Class gnu.trove.TObjectIntHashMap                                                     : loaded 5 times (x 109B)
Class [Lcom.intellij.openapi.externalSystem.model.project.dependencies.ResolutionState;: loaded 5 times (x 69B)
Class kotlin.jvm.internal.CallableReference$NoReceiver                                : loaded 5 times (x 71B)
Class com.google.common.collect.RangeSet                                              : loaded 5 times (x 70B)
Class kotlin.text.StringsKt__StringBuilderKt                                          : loaded 5 times (x 71B)
Class org.gradle.tooling.internal.adapter.ProtocolToModelAdapter$ViewKey              : loaded 5 times (x 72B)
Class com.amazon.ion.impl.lite.IonNullLite                                            : loaded 5 times (x 176B)
Class org.gradle.tooling.internal.consumer.versioning.VersionDetails$R28VersionDetails: loaded 5 times (x 80B)
Class org.jetbrains.plugins.gradle.tooling.serialization.AnnotationProcessingModelSerializationService: loaded 5 times (x 77B)
Class kotlin.collections.ArraysKt__ArraysJVMKt                                        : loaded 5 times (x 71B)
Class com.android.builder.model.v2.models.ProjectGraph                                : loaded 5 times (x 70B)
Class com.android.ide.common.repository.AgpVersion$PreviewKind                        : loaded 5 times (x 79B)
Class com.intellij.gradle.toolingExtension.modelProvider.GradleClassProjectModelProvider: loaded 5 times (x 80B)
Class org.gradle.tooling.internal.consumer.connection.InternalPhasedActionAdapter     : loaded 5 times (x 78B)
Class com.amazon.ion.impl.bin.Block                                                   : loaded 5 times (x 79B)
Class com.android.ide.common.gradle.Version$Companion$ParseState$NUMERIC              : loaded 5 times (x 74B)
Class com.android.builder.model.v2.CustomSourceDirectory                              : loaded 5 times (x 70B)
Class com.amazon.ion.impl.lite.IonBoolLite                                            : loaded 5 times (x 179B)
Class com.google.common.collect.NullsFirstOrdering                                    : loaded 5 times (x 115B)
Class com.android.ide.common.repository.AgpVersion                                    : loaded 5 times (x 75B)
Class kotlin.jvm.internal.KotlinGenericDeclaration                                    : loaded 5 times (x 70B)
Class com.intellij.gradle.toolingExtension.modelAction.GradleModelFetchPhase$ProjectLoaded: loaded 5 times (x 70B)
Class kotlin.ResultKt                                                                 : loaded 5 times (x 71B)
Class com.amazon.ion.impl.bin.IonManagedBinaryWriter$UserState$3                      : loaded 5 times (x 85B)
Class org.gradle.tooling.internal.adapter.ProtocolToModelAdapter$PropertyCachingMethodInvoker: loaded 5 times (x 76B)
Class com.amazon.ion.impl._Private_LocalSymbolTableFactory                            : loaded 5 times (x 70B)
Class com.android.tools.idea.gradle.project.sync.ModelProviderCachedData              : loaded 5 times (x 72B)
Class com.android.tools.idea.gradle.project.sync.SyncTestMode                         : loaded 5 times (x 79B)
Class com.amazon.ion.impl.bin.IonManagedBinaryWriter$ImportedSymbolResolverMode$1$1$1 : loaded 5 times (x 76B)
Class org.jetbrains.kotlin.idea.projectModel.KotlinTarget                             : loaded 5 times (x 70B)
Class com.intellij.openapi.externalSystem.model.ExternalSystemException               : loaded 5 times (x 86B)
Class com.amazon.ion.impl.bin.utf8.Utf8StringEncoderPool$1                            : loaded 5 times (x 76B)
Class com.amazon.ion.impl.lite.IonLoaderLite                                          : loaded 5 times (x 82B)
Class com.amazon.ion.impl.lite.IonContext                                             : loaded 5 times (x 70B)
Class com.amazon.ion.impl.IonWriterSystemText                                         : loaded 5 times (x 190B)
Class [Lcom.amazon.ion.impl.bin.IonManagedBinaryWriter$ImportedSymbolResolverMode;    : loaded 5 times (x 69B)
Class com.amazon.ion.ValueFactory                                                     : loaded 5 times (x 70B)
Class com.amazon.ion.system.IonTextWriterBuilder                                      : loaded 5 times (x 98B)
Class org.jetbrains.plugins.gradle.tooling.serialization.ExternalTestsSerializationService: loaded 5 times (x 77B)
Class com.android.builder.model.v2.models.ProjectSyncIssues                           : loaded 5 times (x 70B)
Class kotlin.collections.ArraysKt__ArraysKt                                           : loaded 5 times (x 71B)
Class org.jetbrains.plugins.gradle.model.ExternalTask                                 : loaded 5 times (x 70B)
Class kotlin.Result$Failure                                                           : loaded 5 times (x 72B)
Class kotlin.coroutines.EmptyCoroutineContext                                         : loaded 5 times (x 77B)
Class kotlin.collections.SetsKt__SetsKt                                               : loaded 5 times (x 71B)
Class com.google.common.collect.ByFunctionOrdering                                    : loaded 5 times (x 115B)
Class com.amazon.ion.util.GzipStreamInterceptor                                       : loaded 5 times (x 85B)
Class com.amazon.ion.impl.bin.IonManagedBinaryWriter$SymbolResolver                   : loaded 5 times (x 70B)
Class com.amazon.ion.impl._Private_SymbolToken                                        : loaded 5 times (x 70B)
Class com.amazon.ion.impl.bin._Private_IonManagedBinaryWriterBuilder$AllocatorMode    : loaded 5 times (x 80B)
Class com.amazon.ion.IonException                                                     : loaded 5 times (x 84B)
Class com.android.builder.model.v2.dsl.DependenciesInfo                               : loaded 5 times (x 70B)
Class com.amazon.ion.IonLob                                                           : loaded 5 times (x 70B)
Class kotlin.collections.SetsKt__SetsJVMKt                                            : loaded 5 times (x 71B)
Class kotlin.Function                                                                 : loaded 5 times (x 70B)
Class org.jetbrains.plugins.gradle.model.GradleTaskModel                              : loaded 5 times (x 70B)
Class org.jetbrains.plugins.gradle.tooling.util.ObjectCollector                       : loaded 5 times (x 72B)
Class org.gradle.tooling.internal.adapter.ProtocolToModelAdapter$AdaptingMethodInvoker: loaded 5 times (x 76B)
Class org.gradle.tooling.internal.gradle.DefaultBuildIdentifier                       : loaded 5 times (x 79B)
Class com.amazon.ion.IonBlob                                                          : loaded 5 times (x 70B)
Class com.amazon.ion.IonSequence                                                      : loaded 5 times (x 70B)
Class org.gradle.tooling.internal.consumer.versioning.VersionDetails$R48VersionDetails: loaded 5 times (x 80B)
Class com.android.tools.idea.gradle.project.sync.AndroidExtraModelProvider            : loaded 5 times (x 79B)
Class com.amazon.ion.impl.bin.IonRawBinaryWriter$PatchPoint                           : loaded 5 times (x 72B)
Class [Lcom.amazon.ion.util.GzipStreamInterceptor;                                    : loaded 5 times (x 69B)
Class com.amazon.ion.impl._Private_IonReaderBuilder$Mutable                           : loaded 5 times (x 97B)
Class com.intellij.gradle.toolingExtension.impl.model.projectModel.GradleExternalProjectSerializationService: loaded 5 times (x 77B)
Class kotlin.collections.ArraysKt                                                     : loaded 5 times (x 71B)
Class kotlin.io.FileAlreadyExistsException                                            : loaded 5 times (x 82B)
Class kotlin.internal.ProgressionUtilKt                                               : loaded 5 times (x 71B)
Class kotlin.collections.ArrayDeque$Companion                                         : loaded 5 times (x 71B)
Class kotlin.text.CharsKt__CharKt                                                     : loaded 5 times (x 71B)
Class com.intellij.openapi.externalSystem.model.project.IExternalSystemSourceType     : loaded 5 times (x 70B)
Class com.android.builder.model.v2.ide.ProjectInfo                                    : loaded 5 times (x 70B)
Class com.amazon.ion.impl._Private_IonBinaryWriterBuilder$Mutable                     : loaded 5 times (x 115B)
Class com.amazon.ion.impl.bin.IonRawBinaryWriter$StreamCloseMode                      : loaded 5 times (x 79B)
Class org.gradle.tooling.ToolingModelContract                                         : loaded 5 times (x 70B)
Class org.gradle.tooling.internal.adapter.WeakIdentityHashMap$WeakKey                 : loaded 5 times (x 79B)
Class org.gradle.tooling.internal.adapter.ProtocolToModelAdapter$SafeMethodInvoker    : loaded 5 times (x 76B)
Class org.gradle.tooling.model.idea.IdeaLanguageLevel                                 : loaded 5 times (x 70B)
Class kotlin.ranges.RangesKt___RangesKt                                               : loaded 5 times (x 71B)
Class com.android.ide.common.repository.AgpVersion$Companion$WhenMappings             : loaded 5 times (x 71B)
Class com.android.builder.model.v2.models.VariantDependenciesAdjacencyList            : loaded 5 times (x 70B)
Class org.jetbrains.plugins.gradle.tooling.serialization.ProjectDependenciesSerializationService$ReadContext: loaded 5 times (x 72B)
Class com.amazon.ion.IonDecimal                                                       : loaded 5 times (x 70B)
Class org.gradle.tooling.model.build.GradleEnvironment                                : loaded 5 times (x 70B)
Class org.jetbrains.plugins.gradle.tooling.util.IntObjectMap$ObjectFactory            : loaded 5 times (x 70B)
Class org.gradle.tooling.internal.adapter.ProtocolToModelAdapter$InvocationHandlerImpl: loaded 5 times (x 77B)
Class kotlin.sequences.SequenceBuilderIterator                                        : loaded 5 times (x 85B)
Class kotlin.ranges.OpenEndRange                                                      : loaded 5 times (x 70B)
Class com.android.ide.common.gradle.Version$Companion$ParseState$EMPTY                : loaded 5 times (x 74B)
Class org.jetbrains.plugins.gradle.model.GradleConfiguration                          : loaded 5 times (x 70B)
Class com.amazon.ion.BufferConfiguration$OversizedValueHandler                        : loaded 5 times (x 70B)
Class com.amazon.ion.IonBufferConfiguration                                           : loaded 5 times (x 72B)
Class com.amazon.ion.impl.bin.Symbols                                                 : loaded 5 times (x 71B)
Class com.amazon.ion.impl._Private_IonSystem                                          : loaded 5 times (x 70B)
Class com.android.ide.gradle.model.artifacts.AdditionalClassifierArtifactsModel       : loaded 5 times (x 70B)
Class com.amazon.ion.impl.bin.utf8.Utf8StringEncoderPool                              : loaded 5 times (x 74B)
Class com.intellij.gradle.toolingExtension.impl.model.dependencyModel.DependencyWriteContext: loaded 5 times (x 72B)
Class org.jetbrains.plugins.gradle.tooling.serialization.RepositoriesModelSerializationService: loaded 5 times (x 82B)
Class org.gradle.tooling.internal.gradle.GradleProjectIdentity                        : loaded 5 times (x 70B)
Class com.intellij.gradle.toolingExtension.impl.model.projectModel.GradleExternalProjectSerializationService$ReadContext: loaded 5 times (x 73B)
Class kotlin.collections.CollectionsKt__IterablesKt                                   : loaded 5 times (x 71B)
Class kotlin.sequences.Sequence                                                       : loaded 5 times (x 70B)
Class org.gradle.tooling.internal.consumer.connection.UnparameterizedBuildController  : loaded 5 times (x 112B)
Class kotlin.coroutines.intrinsics.CoroutineSingletons                                : loaded 5 times (x 79B)
Class [Lcom.amazon.ion.impl.bin.AbstractIonWriter$WriteValueOptimization;             : loaded 5 times (x 69B)
Class kotlin.collections.MapsKt                                                       : loaded 5 times (x 71B)
Class org.gradle.tooling.internal.consumer.versioning.VersionDetails                  : loaded 5 times (x 80B)
Class kotlin.ranges.ClosedRange                                                       : loaded 5 times (x 70B)
Class com.android.builder.model.v2.ide.JavaArtifact                                   : loaded 5 times (x 70B)
Class com.amazon.ion.impl.bin.IonManagedBinaryWriter$UserState$4                      : loaded 5 times (x 85B)
Class org.gradle.tooling.internal.consumer.versioning.VersionDetails$R51VersionDetails: loaded 5 times (x 80B)
Class org.jetbrains.plugins.gradle.tooling.serialization.RepositoriesModelSerializationService$ReadContext: loaded 5 times (x 72B)
Class org.gradle.tooling.internal.consumer.connection.NestedActionAwareBuildControllerAdapter: loaded 5 times (x 112B)
Class com.amazon.ion.system.IonBinaryWriterBuilder                                    : loaded 5 times (x 99B)
Class kotlin.coroutines.intrinsics.IntrinsicsKt                                       : loaded 5 times (x 71B)
Class kotlin.jvm.internal.markers.KMutableCollection                                  : loaded 5 times (x 70B)
Class kotlin.reflect.KAnnotatedElement                                                : loaded 5 times (x 70B)
Class kotlin.collections.EmptyMap                                                     : loaded 5 times (x 108B)
Class com.amazon.ion.impl.bin.IonManagedBinaryWriter$UserState                        : loaded 5 times (x 85B)
Class com.amazon.ion.impl._Private_IonWriter                                          : loaded 5 times (x 70B)
Class com.amazon.ion.impl.bin._Private_IonManagedBinaryWriterBuilder                  : loaded 5 times (x 72B)
Class kotlin.text.MatcherMatchResult$groups$1                                         : loaded 5 times (x 151B)
Class kotlin.text.StringsKt__StringsJVMKt                                             : loaded 5 times (x 71B)
Class kotlin.collections.IntIterator                                                  : loaded 5 times (x 82B)
Class com.google.common.collect.NullnessCasts                                         : loaded 5 times (x 71B)
Class com.android.builder.model.v2.ide.TestedTargetVariant                            : loaded 5 times (x 70B)
Class com.intellij.gradle.toolingExtension.impl.model.projectModel.GradleExternalProjectSerializationService$WriteContext: loaded 5 times (x 73B)
Class kotlin.ranges.IntRange$Companion                                                : loaded 5 times (x 71B)
Class com.amazon.ion.impl._Private_Utils                                              : loaded 5 times (x 71B)
Class org.gradle.tooling.internal.consumer.versioning.ModelMapping$DefaultModelIdentifier: loaded 5 times (x 76B)
Class kotlin.sequences.SequenceScope                                                  : loaded 5 times (x 73B)
Class kotlin.ranges.IntProgression$Companion                                          : loaded 5 times (x 71B)
Class [Lcom.amazon.ion.SymbolToken;                                                   : loaded 5 times (x 69B)
Class gnu.trove.TObjectCanonicalHashingStrategy                                       : loaded 5 times (x 78B)
Class org.jetbrains.plugins.gradle.model.GradleProperty                               : loaded 5 times (x 70B)
Class kotlin.text.StringsKt__IndentKt                                                 : loaded 5 times (x 71B)
Class com.android.builder.model.v2.dsl.SigningConfig                                  : loaded 5 times (x 70B)
Class com.android.builder.model.v2.models.VariantDependencies                         : loaded 5 times (x 70B)
Class com.android.builder.model.v2.models.BasicAndroidProject                         : loaded 5 times (x 70B)
Class com.android.builder.model.v2.models.AndroidProject                              : loaded 5 times (x 70B)
Class com.android.builder.model.v2.AndroidModel                                       : loaded 5 times (x 70B)
Class com.google.common.collect.ImmutableRangeSet$ComplementRanges                    : loaded 5 times (x 207B)
Class kotlin.collections.SetsKt                                                       : loaded 5 times (x 71B)
Class com.amazon.ion.IonLoader                                                        : loaded 5 times (x 70B)
Class Program                                                                         : loaded 5 times (x 72B)
Class com.intellij.gradle.toolingExtension.modelAction.GradleBuildFinishedModelFetchPhase: loaded 5 times (x 81B)
Class com.android.builder.model.v2.ide.AndroidArtifact                                : loaded 5 times (x 70B)
Class com.android.tools.idea.gradle.project.sync.GradleSyncStudioFlags                : loaded 5 times (x 72B)
Class org.gradle.tooling.internal.consumer.connection.StreamingAwareBuildControllerAdapter: loaded 5 times (x 112B)
Class kotlin.collections.CollectionsKt__MutableCollectionsJVMKt                       : loaded 5 times (x 71B)
Class com.android.tools.idea.gradle.project.sync.SwitchVariantRequest                 : loaded 5 times (x 72B)
Class com.google.common.collect.NullsLastOrdering                                     : loaded 5 times (x 115B)
Class kotlin.text.StringsKt___StringsKt                                               : loaded 5 times (x 71B)
Class kotlin.text.MatchResult                                                         : loaded 5 times (x 70B)
Class kotlin.reflect.KFunction                                                        : loaded 5 times (x 70B)
Class kotlin.collections.ArrayDeque                                                   : loaded 5 times (x 207B)
Class [Lcom.android.ide.common.gradle.Separator;                                      : loaded 5 times (x 69B)
Class org.jetbrains.plugins.gradle.tooling.serialization.KotlinDslScriptsModelSerializationService: loaded 5 times (x 81B)
Class com.amazon.ion.IonBool                                                          : loaded 5 times (x 70B)
Class com.amazon.ion.impl.bin.utf8.Utf8StringEncoder                                  : loaded 5 times (x 80B)
Class com.google.common.collect.NaturalOrdering                                       : loaded 5 times (x 115B)
Class [Lcom.amazon.ion.impl.bin.IonManagedBinaryWriter$UserState;                     : loaded 5 times (x 69B)
Class kotlin.text.StringsKt__StringNumberConversionsJVMKt                             : loaded 5 times (x 71B)
Class com.amazon.ion.system.IonSystemBuilder$Mutable                                  : loaded 5 times (x 75B)
Class com.amazon.ion.impl.bin.IonManagedBinaryWriter$SymbolResolverBuilder            : loaded 5 times (x 70B)
Class org.jetbrains.kotlin.idea.projectModel.ExtraFeatures                            : loaded 5 times (x 70B)
Class com.intellij.util.ThrowableConsumer                                             : loaded 5 times (x 70B)
Class gnu.trove.TObjectHashingStrategy                                                : loaded 5 times (x 70B)
Class kotlin.collections.MapsKt__MapsKt                                               : loaded 5 times (x 71B)
Class kotlin.collections.MapsKt__MapWithDefaultKt                                     : loaded 5 times (x 71B)
Class org.jetbrains.plugins.gradle.tooling.serialization.ExternalTestsSerializationService$WriteContext: loaded 5 times (x 72B)
Class com.amazon.ion.IonNumber                                                        : loaded 5 times (x 70B)
Class com.amazon.ion.impl.lite.IonTextLite                                            : loaded 5 times (x 182B)
Class com.amazon.ion.impl.lite.IonLobLite                                             : loaded 5 times (x 185B)
Class org.jetbrains.kotlin.idea.gradleTooling.KotlinDslScriptModelProvider            : loaded 5 times (x 78B)
Class com.amazon.ion.impl.bin.IonManagedBinaryWriter$LocalSymbolTableView             : loaded 5 times (x 119B)
Class com.amazon.ion.impl.bin.IonRawBinaryWriter$ThrowingRunnable                     : loaded 5 times (x 70B)
Class org.jetbrains.plugins.gradle.tooling.ModelBuilderService$Parameter              : loaded 5 times (x 70B)
Class kotlin.collections.ArraysKt___ArraysKt                                          : loaded 5 times (x 71B)
Class kotlin.collections.MapsKt___MapsKt                                              : loaded 5 times (x 71B)
Class com.android.builder.model.v2.ide.Variant                                        : loaded 5 times (x 70B)
Class com.android.builder.model.v2.models.Versions$Version                            : loaded 5 times (x 70B)
Class kotlin.io.FilesKt                                                               : loaded 5 times (x 71B)
Class com.amazon.ion.IonClob                                                          : loaded 5 times (x 70B)
Class gnu.trove.Equality                                                              : loaded 5 times (x 70B)
Class kotlin.annotation.Retention                                                     : loaded 5 times (x 70B)
Class kotlin.reflect.KDeclarationContainer                                            : loaded 5 times (x 70B)
Class com.amazon.ion.SymbolToken                                                      : loaded 5 times (x 70B)
Class com.intellij.gradle.toolingExtension.modelAction.GradleModelFetchPhase          : loaded 5 times (x 70B)
Class com.amazon.ion.UnknownSymbolException                                           : loaded 5 times (x 86B)
Class com.android.builder.model.v2.ide.SyncIssue                                      : loaded 5 times (x 70B)
Class com.android.builder.model.v2.ide.ApiVersion                                     : loaded 5 times (x 70B)
Class kotlin.text.StringsKt___StringsJvmKt                                            : loaded 5 times (x 71B)
Class com.amazon.ion.impl.bin.IonRawBinaryWriter                                      : loaded 5 times (x 168B)
Class kotlin.text.MatchResult$Destructured                                            : loaded 5 times (x 72B)
Class com.android.builder.model.v2.ide.AndroidLibraryData                             : loaded 5 times (x 70B)
Class com.android.ide.gradle.model.composites.BuildMap                                : loaded 5 times (x 70B)
Class kotlin.Metadata                                                                 : loaded 5 times (x 70B)
Class com.android.ide.common.gradle.Version                                           : loaded 5 times (x 75B)
Class com.amazon.ion.system.IonReaderBuilder                                          : loaded 5 times (x 95B)
Class com.amazon.ion.impl.SharedSymbolTable                                           : loaded 5 times (x 93B)
Class com.amazon.ion.IonReader                                                        : loaded 5 times (x 70B)
Class org.gradle.tooling.internal.consumer.versioning.VersionDetails$R35VersionDetails: loaded 5 times (x 80B)
Class [Lcom.android.tools.idea.gradle.project.sync.SyncTestMode;                      : loaded 5 times (x 69B)
Class com.intellij.gradle.toolingExtension.impl.modelSerialization.ToolingSerializerConverter: loaded 5 times (x 73B)
Class com.android.builder.model.v2.ide.Library                                        : loaded 5 times (x 70B)
Class com.android.builder.model.v2.ide.ArtifactDependenciesAdjacencyList              : loaded 5 times (x 70B)
Class com.android.builder.model.v2.ide.AaptOptions$Namespacing                        : loaded 5 times (x 79B)
Class com.android.utils.FileUtils                                                     : loaded 5 times (x 71B)
Class org.jetbrains.plugins.gradle.tooling.util.ObjectCollector$Processor             : loaded 5 times (x 70B)
Class com.android.builder.model.v2.models.Versions                                    : loaded 5 times (x 70B)
Class gnu.trove.TObjectHash                                                           : loaded 5 times (x 94B)
Class kotlin.collections.CollectionsKt___CollectionsKt                                : loaded 5 times (x 71B)
Class kotlin.annotation.Target                                                        : loaded 5 times (x 70B)
Class kotlin.collections.EmptySet                                                     : loaded 5 times (x 122B)
Class kotlin.jvm.functions.Function4                                                  : loaded 5 times (x 70B)
Class com.amazon.ion.impl.bin.AbstractIonWriter                                       : loaded 5 times (x 160B)
Class kotlin.sequences.TransformingSequence                                           : loaded 5 times (x 75B)
Class org.gradle.tooling.internal.adapter.MethodInvocation                            : loaded 5 times (x 85B)
Class com.android.ide.gradle.model.dependencies.Coordinates                           : loaded 5 times (x 70B)
Class com.intellij.gradle.toolingExtension.impl.model.buildScriptClasspathModel.GradleBuildScriptClasspathSerializationService$ReadContext: loaded 5 times (x 72B)
Class com.google.common.collect.SortedIterable                                        : loaded 5 times (x 70B)
Class com.android.builder.model.v2.models.ndk.NativeModule                            : loaded 5 times (x 70B)
Class com.intellij.util.containers.IntObjectHashMap                                   : loaded 5 times (x 72B)
Class kotlin.collections.MapsKt___MapsJvmKt                                           : loaded 5 times (x 71B)
Class com.google.common.collect.AbstractRangeSet                                      : loaded 5 times (x 114B)
Class com.amazon.ion.impl.SymbolTableAsStruct                                         : loaded 5 times (x 70B)
Class com.amazon.ion.impl._Private_Utils$1                                            : loaded 5 times (x 98B)
Class com.amazon.ion.impl.lite.IonSequenceLite                                        : loaded 5 times (x 433B)
Class org.jetbrains.plugins.gradle.model.GradleSourceSetModel                         : loaded 5 times (x 70B)
Class com.intellij.gradle.toolingExtension.impl.model.sourceSetDependencyModel.GradleSourceSetDependencySerialisationService: loaded 5 times (x 77B)
Class com.google.common.collect.ComparatorOrdering                                    : loaded 5 times (x 115B)
Class com.amazon.ion.impl.bin.IonManagedBinaryWriter$SymbolState$1                    : loaded 5 times (x 80B)
Class com.amazon.ion.impl.LocalSymbolTableAsStruct$Factory                            : loaded 5 times (x 79B)
Class [Lcom.amazon.ion.IonType;                                                       : loaded 5 times (x 69B)
Class org.jetbrains.plugins.gradle.tooling.serialization.internal.IdeaProjectSerializationService$WriteContext: loaded 5 times (x 72B)
Class kotlin.jvm.functions.Function2                                                  : loaded 5 times (x 70B)
Class com.intellij.gradle.toolingExtension.impl.modelAction.GradleDaemonModelHolder   : loaded 5 times (x 76B)
Class com.android.ide.common.repository.AgpVersion$PreviewKind$Companion              : loaded 5 times (x 71B)
Class kotlin.KotlinNothingValueException                                              : loaded 5 times (x 82B)
Class com.intellij.gradle.toolingExtension.impl.model.sourceSetDependencyModel.GradleSourceSetDependencySerialisationService$SourceSetDependencyModelReadContext: loaded 5 times (x 72B)
Class com.intellij.gradle.toolingExtension.impl.model.dependencyModel.DependencyReadContext: loaded 5 times (x 72B)
Class com.android.builder.model.v2.models.ndk.NativeModelBuilderParameter             : loaded 5 times (x 70B)
Class com.amazon.ion.impl.bin.BlockAllocatorProvider                                  : loaded 5 times (x 72B)
Class org.gradle.tooling.BuildController                                              : loaded 5 times (x 70B)
Class com.android.tools.idea.gradle.project.sync.SyncProjectActionOptions             : loaded 5 times (x 73B)
Class com.amazon.ion.impl.bin.IonManagedBinaryWriter$SymbolState$2                    : loaded 5 times (x 80B)
Class com.amazon.ion.IonNull                                                          : loaded 5 times (x 70B)
Class [Lcom.amazon.ion.impl.bin.IonRawBinaryWriter$StreamCloseMode;                   : loaded 5 times (x 69B)
Class kotlin.jvm.functions.Function1                                                  : loaded 5 times (x 70B)
Class com.android.builder.model.v2.ide.Installation                                   : loaded 5 times (x 70B)
Class kotlin.collections.AbstractMutableList                                          : loaded 5 times (x 206B)
Class com.google.common.collect.ImmutableSortedAsList                                 : loaded 5 times (x 221B)
Class kotlin.text.RegexKt                                                             : loaded 5 times (x 71B)
Class kotlin.coroutines.intrinsics.IntrinsicsKt__IntrinsicsKt                         : loaded 5 times (x 71B)
Class com.intellij.gradle.toolingExtension.impl.model.warmUp.GradleTaskWarmUpRequest  : loaded 5 times (x 70B)
Class org.jetbrains.plugins.gradle.model.ExternalSourceSet                            : loaded 5 times (x 70B)
Class com.android.builder.model.v2.ide.AaptOptions                                    : loaded 5 times (x 70B)
Class [Lcom.android.builder.model.v2.ide.BytecodeTransformation;                      : loaded 5 times (x 69B)
Class com.android.ide.common.gradle.Version$Companion                                 : loaded 5 times (x 71B)
Class org.gradle.tooling.internal.consumer.versioning.ModelMapping                    : loaded 5 times (x 73B)
Class com.amazon.ion.impl.bin.IonRawBinaryWriter$ContainerInfo                        : loaded 5 times (x 74B)
Class com.amazon.ion.impl.bin.IonManagedBinaryWriter$SymbolState$3                    : loaded 5 times (x 80B)
Class com.amazon.ion.impl.bin.IonRawBinaryWriter$StreamFlushMode                      : loaded 5 times (x 79B)
Class com.amazon.ion.IonBinaryWriter                                                  : loaded 5 times (x 70B)
Class com.amazon.ion.impl.lite.IonSymbolLite                                          : loaded 5 times (x 247B)
Class com.android.builder.model.v2.models.ModelBuilderParameter                       : loaded 5 times (x 70B)
Class com.amazon.ion.impl.bin.AbstractIonWriter$WriteValueOptimization                : loaded 5 times (x 79B)
Class com.amazon.ion.impl.bin.IonManagedBinaryWriter$ImportedSymbolResolverMode$1     : loaded 5 times (x 80B)
Class kotlin.io.FilesKt__UtilsKt                                                      : loaded 5 times (x 71B)
Class com.google.common.collect.Lists$TransformingRandomAccessList                    : loaded 5 times (x 199B)
Class org.jetbrains.plugins.gradle.tooling.serialization.ExternalTestsSerializationService$ReadContext: loaded 5 times (x 72B)
Class com.android.ide.common.gradle.Numeric                                           : loaded 5 times (x 77B)
Class kotlin.collections.CollectionsKt__CollectionsJVMKt                              : loaded 5 times (x 71B)
Class com.intellij.gradle.toolingExtension.impl.model.sourceSetArtifactIndex.GradleSourceSetArtifactBuildRequest: loaded 5 times (x 70B)
Class kotlin.collections.ArraysUtilJVM                                                : loaded 5 times (x 71B)
Class kotlin.jvm.functions.Function0                                                  : loaded 5 times (x 70B)
Class kotlin.sequences.FlatteningSequence$iterator$1                                  : loaded 5 times (x 79B)
Class com.amazon.ion.impl.bin.IonManagedBinaryWriter$SymbolState$4                    : loaded 5 times (x 80B)
Class [Lcom.amazon.ion.util.InputStreamInterceptor;                                   : loaded 5 times (x 69B)
Class com.android.ide.common.repository.AgpVersion$Companion                          : loaded 5 times (x 71B)
Class com.amazon.ion.impl.BlockedBuffer$BufferedOutputStream                          : loaded 5 times (x 90B)
Class com.amazon.ion.impl.bin.IonBinaryWriterAdapter$Factory                          : loaded 5 times (x 70B)
Class com.amazon.ion.impl._Private_IonContainer                                       : loaded 5 times (x 70B)
Class org.jetbrains.kotlin.idea.projectModel.KotlinSwiftExportModel                   : loaded 5 times (x 70B)
Class [Lcom.amazon.ion.SymbolTable;                                                   : loaded 5 times (x 69B)
Class kotlin.sequences.SequencesKt                                                    : loaded 5 times (x 71B)
Class kotlin.collections.CollectionsKt__IteratorsKt                                   : loaded 5 times (x 71B)
Class org.jetbrains.plugins.gradle.tooling.serialization.internal.IdeaProjectSerializationService$WriteContext$1: loaded 5 times (x 83B)
Class org.jetbrains.plugins.gradle.model.ExternalProject                              : loaded 5 times (x 70B)
Class org.gradle.tooling.internal.adapter.ProtocolToModelAdapter$ViewGraphDetails$1   : loaded 5 times (x 77B)
Class kotlin.ranges.RangesKt                                                          : loaded 5 times (x 71B)
Class [Lcom.android.builder.model.v2.ide.AaptOptions$Namespacing;                     : loaded 5 times (x 69B)
Class org.gradle.tooling.internal.consumer.converters.BackwardsCompatibleIdeaModuleDependency: loaded 5 times (x 70B)
Class com.amazon.ion.impl.bin.utf8.Pool                                               : loaded 5 times (x 74B)
Class com.android.ide.common.gradle.Version$Companion$ParseState                      : loaded 5 times (x 70B)
Class com.android.tools.idea.gradle.project.sync.AndroidExtraModelProviderImpl        : loaded 5 times (x 72B)
Class com.intellij.util.containers.IntObjectHashMap$ArrayProducer                     : loaded 5 times (x 70B)
Class org.gradle.tooling.internal.adapter.ProtocolToModelAdapter$DefaultViewBuilder   : loaded 5 times (x 80B)
Class [Lcom.android.builder.model.v2.ide.CodeShrinker;                                : loaded 5 times (x 69B)
Class kotlin.text.StringsKt                                                           : loaded 5 times (x 71B)
Class kotlin.sequences.SequencesKt___SequencesJvmKt                                   : loaded 5 times (x 71B)
Class org.gradle.tooling.internal.consumer.converters.ConsumerTargetTypeProvider      : loaded 5 times (x 76B)
Class kotlin.Unit                                                                     : loaded 5 times (x 71B)
Class kotlin.jvm.internal.markers.KMutableIterable                                    : loaded 5 times (x 70B)
Class org.jetbrains.plugins.gradle.tooling.serialization.internal.IdeaProjectSerializationService$WriteContext$2: loaded 5 times (x 83B)
Class kotlin.TuplesKt                                                                 : loaded 5 times (x 71B)
Class [Lcom.android.builder.model.v2.ide.ProjectType;                                 : loaded 5 times (x 69B)
Class com.amazon.ion.system.IonWriterBuilderBase                                      : loaded 5 times (x 83B)
Class com.intellij.gradle.toolingExtension.modelProvider.GradleClassBuildModelProvider: loaded 5 times (x 80B)
Class org.gradle.tooling.internal.gradle.DefaultProjectIdentifier                     : loaded 5 times (x 86B)
Class com.amazon.ion.IonContainer                                                     : loaded 5 times (x 70B)
Class com.amazon.ion.impl._Private_IonSymbol                                          : loaded 5 times (x 70B)
Class com.amazon.ion.impl.lite.IonValueLite                                           : loaded 5 times (x 148B)
Class com.amazon.ion.impl.bin.PooledBlockAllocatorProvider                            : loaded 5 times (x 73B)
Class org.gradle.tooling.internal.consumer.connection.FetchAwareBuildControllerAdapter: loaded 5 times (x 112B)
Class org.gradle.util.internal.DefaultGradleVersion$Stage                             : loaded 5 times (x 75B)
Class kotlin.collections.CollectionsKt___CollectionsJvmKt                             : loaded 5 times (x 71B)
Class kotlin.coroutines.jvm.internal.RestrictedContinuationImpl                       : loaded 5 times (x 87B)
Class org.jetbrains.plugins.gradle.tooling.serialization.AnnotationProcessingModelSerializationService$ReadContext: loaded 5 times (x 72B)
Class org.jetbrains.plugins.gradle.tooling.serialization.internal.IdeaProjectSerializationService$WriteContext$3: loaded 5 times (x 83B)
Class gnu.trove.TObjectHash$NULL                                                      : loaded 5 times (x 71B)
Class kotlin.jvm.internal.FunctionReferenceImpl                                       : loaded 5 times (x 126B)
Class com.amazon.ion.impl.bin.BlockAllocator                                          : loaded 5 times (x 80B)
Class com.amazon.ion.impl.IonWriterSystemTextMarkup                                   : loaded 5 times (x 192B)
Class org.jetbrains.kotlin.idea.gradleTooling.IdeaKpmProjectProvider                  : loaded 5 times (x 78B)
Class com.amazon.ion.impl.bin.IonManagedBinaryWriter$ImportedSymbolResolverMode$2     : loaded 5 times (x 80B)
Class com.android.builder.model.v2.models.AndroidDsl                                  : loaded 5 times (x 70B)
Class org.jetbrains.plugins.gradle.model.GradleBuildScriptClasspathModel              : loaded 5 times (x 70B)
Class [Lkotlin.Pair;                                                                  : loaded 5 times (x 69B)
Class kotlin.text.StringsKt__StringNumberConversionsKt                                : loaded 5 times (x 71B)
Class kotlin.io.FilesKt__FileReadWriteKt                                              : loaded 5 times (x 71B)
Class kotlin.Result$Companion                                                         : loaded 5 times (x 71B)
Class kotlin.coroutines.jvm.internal.BaseContinuationImpl                             : loaded 5 times (x 87B)
Class com.google.common.collect.UsingToStringOrdering                                 : loaded 5 times (x 114B)
Class kotlin.text.MatchNamedGroupCollection                                           : loaded 5 times (x 70B)
Class com.android.builder.model.v2.ide.SourceProvider                                 : loaded 5 times (x 70B)
Class kotlin.jvm.internal.markers.KMutableList                                        : loaded 5 times (x 70B)
Class org.jetbrains.plugins.gradle.tooling.serialization.internal.IdeaProjectSerializationService$WriteContext$4: loaded 5 times (x 83B)
Class com.intellij.gradle.toolingExtension.impl.model.sourceSetDependencyModel.GradleSourceSetDependencySerialisationService$Companion: loaded 5 times (x 71B)
Class com.android.builder.model.v2.ide.BundleInfo                                     : loaded 5 times (x 70B)
Class kotlin.comparisons.ComparisonsKt___ComparisonsKt                                : loaded 5 times (x 71B)
Class com.google.common.collect.ImmutableRangeSet                                     : loaded 5 times (x 115B)
Class com.intellij.gradle.toolingExtension.impl.model.projectModel.GradleExternalProjectModelProvider: loaded 5 times (x 79B)
Class com.amazon.ion.BufferConfiguration$Builder                                      : loaded 5 times (x 78B)
Class kotlin.comparisons.ComparisonsKt                                                : loaded 5 times (x 71B)
Class kotlin.sequences.SequencesKt___SequencesKt$sortedWith$1                         : loaded 5 times (x 75B)
Class kotlin.text.CharsKt__CharJVMKt                                                  : loaded 5 times (x 71B)
Class com.google.common.collect.Lists$ReverseList                                     : loaded 5 times (x 200B)
Class kotlin.sequences.FilteringSequence                                              : loaded 5 times (x 75B)
Class com.google.common.collect.ImmutableSortedSet                                    : loaded 5 times (x 300B)
Class com.amazon.ion.IonStruct                                                        : loaded 5 times (x 70B)
Class com.intellij.gradle.toolingExtension.util.GradleVersionSpecificsUtil            : loaded 5 times (x 71B)
Class org.jetbrains.plugins.gradle.tooling.serialization.internal.IdeaProjectSerializationService$WriteContext$5: loaded 5 times (x 83B)
Class com.intellij.gradle.toolingExtension.impl.model.sourceSetDependencyModel.GradleSourceSetDependencySerialisationService$SourceSetDependencyModelWriteContext: loaded 5 times (x 72B)
Class com.amazon.ion.impl.bin.IonManagedBinaryWriter$SymbolState                      : loaded 5 times (x 80B)
Class org.gradle.tooling.internal.consumer.versioning.VersionDetails$R26VersionDetails: loaded 5 times (x 80B)
Class com.google.common.collect.ReverseNaturalOrdering                                : loaded 5 times (x 114B)
Class org.gradle.tooling.UnknownModelException                                        : loaded 5 times (x 83B)
Class com.amazon.ion.impl.bin.IntList                                                 : loaded 5 times (x 77B)
Class com.amazon.ion.impl.lite._Private_LiteDomTrampoline                             : loaded 5 times (x 71B)
Class com.amazon.ion.IonType                                                          : loaded 5 times (x 79B)
Class kotlin.text.StringsKt__AppendableKt                                             : loaded 5 times (x 71B)
Class kotlin.coroutines.Continuation                                                  : loaded 5 times (x 70B)
Class kotlin.sequences.SequencesKt__SequencesKt                                       : loaded 5 times (x 71B)
Class com.android.builder.model.v2.ide.LibraryInfo                                    : loaded 5 times (x 70B)
Class kotlin.collections.SetsKt___SetsKt                                              : loaded 5 times (x 71B)
Class kotlin.ranges.RangesKt__RangesKt                                                : loaded 5 times (x 71B)
Class org.jetbrains.plugins.gradle.tooling.serialization.internal.IdeaProjectSerializationService$WriteContext$6: loaded 5 times (x 83B)
Class org.jetbrains.plugins.gradle.tooling.util.IntObjectMap                          : loaded 5 times (x 73B)
Class com.android.builder.model.v2.ide.BasicVariant                                   : loaded 5 times (x 70B)
Class com.android.builder.model.v2.ide.AndroidGradlePluginProjectFlags                : loaded 5 times (x 70B)
Class [Lcom.android.builder.model.v2.ide.AndroidGradlePluginProjectFlags$BooleanFlag; : loaded 5 times (x 69B)
Class kotlin.comparisons.ComparisonsKt__ComparisonsKt                                 : loaded 5 times (x 71B)
Class com.amazon.ion.UnsupportedIonVersionException                                   : loaded 5 times (x 85B)
Class [Lcom.amazon.ion.impl.bin.IonRawBinaryWriter$StreamFlushMode;                   : loaded 5 times (x 69B)
Class com.amazon.ion.impl.lite.ValueFactoryLite                                       : loaded 5 times (x 218B)
Class com.intellij.gradle.toolingExtension.impl.model.taskModel.GradleTaskModelProvider: loaded 5 times (x 78B)
Class kotlin.text.MatcherMatchResult$groupValues$1                                    : loaded 5 times (x 198B)
Class org.gradle.tooling.model.internal.ImmutableDomainObjectSet                      : loaded 5 times (x 155B)
Class com.google.common.collect.RegularImmutableSortedSet                             : loaded 5 times (x 300B)
Class kotlin.collections.AbstractList$SubList                                         : loaded 5 times (x 198B)
Class kotlin.jvm.internal.CallableReference                                           : loaded 5 times (x 110B)
Class org.jetbrains.plugins.gradle.tooling.util.IntObjectMap$1                        : loaded 5 times (x 77B)
Class org.jetbrains.plugins.gradle.tooling.serialization.internal.IdeaProjectSerializationService$WriteContext$7: loaded 5 times (x 83B)
Class com.android.tools.idea.gradle.project.sync.ModelConsumerVersion                 : loaded 5 times (x 75B)
Class org.gradle.tooling.model.ExternalDependency                                     : loaded 5 times (x 70B)
Class org.gradle.tooling.model.idea.IdeaSingleEntryLibraryDependency                  : loaded 5 times (x 70B)
Class com.intellij.gradle.toolingExtension.impl.model.taskModel.GradleTaskSerialisationService: loaded 5 times (x 76B)
Class kotlin.Triple                                                                   : loaded 5 times (x 72B)
Class [Lorg.gradle.api.JavaVersion;                                                   : loaded 5 times (x 69B)
Class com.amazon.ion.impl.bin.WriteBuffer                                             : loaded 5 times (x 78B)
Class com.amazon.ion.impl.bin.IonManagedBinaryWriter                                  : loaded 5 times (x 165B)
Class kotlin.ranges.IntRange                                                          : loaded 5 times (x 93B)
Class org.gradle.tooling.model.idea.IdeaDependencyScope                               : loaded 5 times (x 70B)
Class org.jetbrains.plugins.gradle.tooling.serialization.internal.IdeaProjectSerializationService$WriteContext$8: loaded 5 times (x 83B)
Class gnu.trove.TObjectIntProcedure                                                   : loaded 5 times (x 70B)
Class kotlin.sequences.SequencesKt__SequenceBuilderKt$sequence$$inlined$Sequence$1    : loaded 5 times (x 75B)
Class com.android.ide.gradle.model.LegacyV1AgpVersionModel                            : loaded 5 times (x 70B)
Class com.amazon.ion.impl.lite.IonBlobLite                                            : loaded 5 times (x 220B)
Class com.amazon.ion.impl.LocalSymbolTable                                            : loaded 5 times (x 127B)
Class kotlin.text.Regex                                                               : loaded 5 times (x 72B)
Class com.google.common.collect.ImmutableRangeSet$Builder                             : loaded 5 times (x 77B)
Class kotlin.text.StringsKt__StringBuilderJVMKt                                       : loaded 5 times (x 71B)
Class com.google.common.collect.Lists$ReverseList$1                                   : loaded 5 times (x 99B)
Class com.amazon.ion.system.SimpleCatalog                                             : loaded 5 times (x 91B)
Class com.android.builder.model.v2.ide.TestInfo                                       : loaded 5 times (x 70B)
Class com.amazon.ion.IonWriter                                                        : loaded 5 times (x 70B)
Class com.amazon.ion.BufferConfiguration                                              : loaded 5 times (x 72B)
Class org.jetbrains.plugins.gradle.tooling.serialization.SerializationService         : loaded 5 times (x 70B)
Class org.gradle.tooling.internal.gradle.GradleBuildIdentity                          : loaded 5 times (x 70B)
Class kotlin.sequences.SequencesKt___SequencesKt                                      : loaded 5 times (x 71B)
Class org.jetbrains.plugins.gradle.model.GradleSourceSetDependencyModel               : loaded 5 times (x 70B)
Class kotlin.coroutines.jvm.internal.RestrictedSuspendLambda                          : loaded 5 times (x 91B)
Class com.amazon.ion.impl.bin._Private_IonRawWriter                                   : loaded 5 times (x 70B)
Class com.android.tools.idea.gradle.project.sync.SingleVariantSyncActionOptions       : loaded 5 times (x 73B)
Class kotlin.sequences.SequencesKt__SequencesJVMKt                                    : loaded 5 times (x 71B)
Class com.amazon.ion.IonList                                                          : loaded 5 times (x 70B)
Class com.google.common.collect.CompoundOrdering                                      : loaded 5 times (x 115B)
Class com.android.builder.model.v2.dsl.ProductFlavor                                  : loaded 5 times (x 70B)
Class kotlin.io.FilePathComponents                                                    : loaded 5 times (x 72B)
Class com.android.builder.model.v2.ide.JavaCompileOptions                             : loaded 5 times (x 70B)
Class [Lcom.android.builder.model.v2.ide.TestInfo$Execution;                          : loaded 5 times (x 69B)
Class com.amazon.ion.IonString                                                        : loaded 5 times (x 70B)
Class com.amazon.ion.impl.bin.IonRawBinaryWriter$PreallocationMode                    : loaded 5 times (x 82B)
Class com.intellij.gradle.toolingExtension.modelAction.GradleProjectLoadedModelFetchPhase: loaded 5 times (x 81B)
Class org.jetbrains.plugins.gradle.tooling.serialization.internal.adapter.Supplier    : loaded 5 times (x 70B)
Class org.gradle.tooling.internal.adapter.ProtocolToModelAdapter$MixInMappingAction   : loaded 5 times (x 80B)
Class org.jetbrains.kotlin.gradle.idea.tcs.IdeaKotlinDependencyCoordinates            : loaded 5 times (x 70B)
Class com.intellij.gradle.toolingExtension.impl.model.sourceSetDependencyModel.GradleSourceSetDependencyModelProvider: loaded 5 times (x 79B)
Class org.jetbrains.kotlin.gradle.idea.tcs.IdeaKotlinDependency                       : loaded 5 times (x 70B)
Class com.amazon.ion.IonSystem                                                        : loaded 5 times (x 70B)
Class com.amazon.ion.impl.bin.IonManagedBinaryWriter$ImportedSymbolContext            : loaded 5 times (x 72B)
Class org.jetbrains.kotlin.idea.projectModel.KotlinTaskProperties                     : loaded 5 times (x 70B)
Class com.intellij.gradle.toolingExtension.impl.model.utilDummyModel.DummyModel       : loaded 5 times (x 70B)
Class kotlin.collections.EmptyIterator                                                : loaded 5 times (x 89B)
Class kotlin.text.MatchResult$DefaultImpls                                            : loaded 5 times (x 71B)
Class org.gradle.tooling.model.idea.IdeaCompilerOutput                                : loaded 5 times (x 70B)
Class kotlin.text.StringsKt__RegexExtensionsKt                                        : loaded 5 times (x 71B)
Class com.amazon.ion.impl.lite.IonTimestampLite                                       : loaded 5 times (x 193B)
Class org.gradle.tooling.model.ProjectIdentifier                                      : loaded 5 times (x 70B)
Class com.amazon.ion.impl.LocalSymbolTableAsStruct                                    : loaded 5 times (x 132B)
Class com.intellij.util.ReflectionUtilRt                                              : loaded 5 times (x 71B)
Class com.amazon.ion.util.InputStreamInterceptor                                      : loaded 5 times (x 70B)
Class org.jetbrains.kotlin.idea.gradleTooling.KotlinMPPGradleModel$Companion          : loaded 5 times (x 71B)
Class com.android.builder.model.v2.ide.ComponentInfo                                  : loaded 5 times (x 70B)
Class com.google.common.collect.Ordering                                              : loaded 5 times (x 114B)
Class kotlin.io.FileSystemException                                                   : loaded 5 times (x 82B)
Class com.android.builder.model.v2.ide.ProjectType                                    : loaded 5 times (x 79B)
Class [Lcom.android.ide.common.repository.AgpVersion$PreviewKind;                     : loaded 5 times (x 69B)
Class kotlin.sequences.SequencesKt___SequencesKt$flatMap$2                            : loaded 5 times (x 129B)
Class org.gradle.tooling.FetchModelResult                                             : loaded 5 times (x 70B)
Class com.intellij.gradle.toolingExtension.impl.model.sourceSetModel.GradleSourceSetSerialisationService: loaded 5 times (x 77B)
Class org.jetbrains.plugins.gradle.tooling.serialization.internal.IdeaProjectSerializationService: loaded 5 times (x 77B)
Class com.intellij.gradle.toolingExtension.impl.model.buildScriptClasspathModel.GradleBuildScriptClasspathSerializationService: loaded 5 times (x 77B)
Class com.amazon.ion.impl.lite.IonSystemLite                                          : loaded 5 times (x 275B)
Class com.intellij.gradle.toolingExtension.modelAction.GradleModelFetchPhase$BuildFinished: loaded 5 times (x 70B)
Class org.jetbrains.kotlin.idea.projectModel.KotlinTarget$Companion                   : loaded 5 times (x 71B)
Class com.android.tools.idea.gradle.project.sync.SyncActionOptions                    : loaded 5 times (x 72B)
Class com.amazon.ion.impl.lite.IonIntLite                                             : loaded 5 times (x 190B)
Class com.amazon.ion.impl._Private_IonReaderBuilder$TwoElementInputStream             : loaded 5 times (x 92B)
Class com.amazon.ion.util._Private_FastAppendable                                     : loaded 5 times (x 70B)
Class [Lcom.amazon.ion.impl.bin.IonRawBinaryWriter$PreallocationMode;                 : loaded 5 times (x 69B)
Class com.amazon.ion.impl.bin.IonManagedBinaryWriter$ImportedSymbolResolverMode       : loaded 5 times (x 80B)
Class com.android.builder.model.v2.dsl.BaseConfig                                     : loaded 5 times (x 70B)
Class com.amazon.ion.impl.LocalSymbolTable$Factory                                    : loaded 5 times (x 77B)
Class com.intellij.gradle.toolingExtension.impl.modelAction.GradleModelHolderState    : loaded 5 times (x 77B)
Class com.amazon.ion.IonFloat                                                         : loaded 5 times (x 70B)
Class com.amazon.ion.impl.lite.IonListLite                                            : loaded 5 times (x 491B)
Class com.amazon.ion.impl.lite.IonSexpLite                                            : loaded 5 times (x 491B)
Class org.jetbrains.plugins.gradle.tooling.serialization.RepositoriesModelSerializationService$WriteContext: loaded 5 times (x 72B)
Class org.gradle.tooling.model.internal.Exceptions                                    : loaded 4 times (x 71B)
Class com.android.tools.idea.gradle.project.sync.DeliverableGradleModule$ModelConsumer: loaded 4 times (x 72B)
Class com.android.tools.idea.gradle.project.sync.ModelResult$Context                  : loaded 4 times (x 70B)
Class com.android.tools.idea.gradle.project.sync.ModelCacheV2ImplKt$modelCacheV2Impl$variantCoreFrom$15: loaded 4 times (x 129B)
Class com.android.tools.idea.gradle.model.IdeAndroidProjectType                       : loaded 4 times (x 79B)
Class [Lorg.gradle.tooling.internal.adapter.MethodInvoker;                            : loaded 4 times (x 69B)
Class com.android.tools.idea.gradle.project.sync.FetchedVariantResult$InProgress      : loaded 4 times (x 71B)
Class com.android.tools.idea.gradle.model.IdeUnresolvedLibrary                        : loaded 4 times (x 70B)
Class com.android.tools.idea.gradle.project.sync.ModelCacheV2ImplKt$modelCacheV2Impl$variantCoreFrom$6: loaded 4 times (x 129B)
Class com.android.tools.idea.gradle.model.impl.BuildFolderPaths                       : loaded 4 times (x 72B)
Class com.google.common.collect.ComparisonChain$1                                     : loaded 4 times (x 81B)
Class com.intellij.openapi.util.Pair                                                  : loaded 4 times (x 72B)
Class org.gradle.tooling.internal.consumer.converters.GradleProjectIdentifierMixin    : loaded 4 times (x 73B)
Class com.intellij.gradle.toolingExtension.model.repositoryModel.RepositoryModel      : loaded 4 times (x 70B)
Class com.android.tools.idea.projectsystem.gradle.sync.Counter$time$2                 : loaded 4 times (x 78B)
Class com.google.common.collect.ComparisonChain                                       : loaded 4 times (x 80B)
Class com.android.tools.idea.gradle.project.sync.AgpCompatibilityKt$WhenMappings      : loaded 4 times (x 71B)
Class com.android.tools.idea.gradle.model.IdeAndroidGradlePluginProjectFlags          : loaded 4 times (x 70B)
Class org.jetbrains.plugins.gradle.tooling.serialization.internal.IdeaProjectSerializationService$ResourceDirectoriesGetter: loaded 4 times (x 75B)
Class org.jetbrains.plugins.gradle.model.MavenRepositoryModel                         : loaded 4 times (x 70B)
Class com.android.tools.idea.projectsystem.gradle.sync.Counter$time$1                 : loaded 4 times (x 78B)
Class com.android.tools.idea.gradle.project.sync.AndroidModule                        : loaded 4 times (x 88B)
Class com.intellij.gradle.toolingExtension.impl.modelSerialization.DefaultSerializationService: loaded 4 times (x 76B)
Class com.android.builder.model.v2.models.BaseTestSuiteSourceIdentity                 : loaded 4 times (x 70B)
Class org.jetbrains.plugins.gradle.tooling.serialization.internal.IdeaProjectSerializationService$JdkGetter: loaded 4 times (x 75B)
Class com.android.builder.model.v2.models.TestSuiteSource                             : loaded 4 times (x 70B)
Class com.android.tools.idea.gradle.model.IdeBuildTypeContainer                       : loaded 4 times (x 70B)
Class com.android.tools.idea.gradle.model.impl.IdeJavaArtifactCoreImpl                : loaded 4 times (x 91B)
Class com.android.tools.idea.gradle.model.IdeDependencyCore                           : loaded 4 times (x 70B)
Class com.android.tools.idea.gradle.model.IdeArtifactName                             : loaded 4 times (x 79B)
Class org.gradle.tooling.model.idea.IdeaContentRoot                                   : loaded 4 times (x 70B)
Class org.jetbrains.plugins.gradle.model.ExternalFilter                               : loaded 4 times (x 70B)
Class com.android.tools.idea.gradle.project.sync.SyncProjectActionWorker              : loaded 4 times (x 72B)
Class com.android.tools.idea.gradle.project.sync.ResolvedAndroidProjectPath           : loaded 4 times (x 70B)
Class com.android.tools.idea.gradle.model.IdeDependenciesCore                         : loaded 4 times (x 70B)
Class com.android.tools.idea.gradle.model.impl.IdeDependenciesImplKt                  : loaded 4 times (x 71B)
Class com.android.builder.model.v2.models.SourceType                                  : loaded 4 times (x 79B)
Class com.android.tools.idea.gradle.model.impl.IdeSigningConfigImpl                   : loaded 4 times (x 78B)
Class com.android.tools.idea.gradle.project.sync.FetchedVariant                       : loaded 4 times (x 72B)
Class com.android.tools.idea.gradle.project.sync.AgpVersionIncompatible               : loaded 4 times (x 82B)
Class com.android.tools.idea.gradle.project.sync.SyncVariantResultSuccess             : loaded 4 times (x 72B)
Class com.android.tools.idea.gradle.project.sync.ModelVersion                         : loaded 4 times (x 75B)
Class com.android.tools.idea.gradle.model.CodeShrinker                                : loaded 4 times (x 79B)
Class kotlin.coroutines.jvm.internal.CoroutineDumpState                               : loaded 4 times (x 71B)
Class com.android.tools.idea.gradle.model.IdeArtifactName$Companion$WhenMappings      : loaded 4 times (x 71B)
Class com.android.tools.idea.gradle.project.sync.VariantDiscovery$prepareRequestedOrDefaultModuleConfigurations$$inlined$sortedBy$1: loaded 4 times (x 89B)
Class com.google.common.collect.ForwardingCollection                                  : loaded 4 times (x 130B)
Class org.gradle.tooling.model.kotlin.dsl.EditorPosition                              : loaded 4 times (x 70B)
Class com.android.tools.idea.gradle.project.sync.AgpCompatibilityKt                   : loaded 4 times (x 71B)
Class org.gradle.tooling.model.idea.IdeaSourceDirectory                               : loaded 4 times (x 70B)
Class com.android.tools.idea.gradle.project.sync.ModelCacheV2ImplKt$WhenMappings      : loaded 4 times (x 71B)
Class com.intellij.openapi.util.io.FileUtilRt$SymlinkResolver                         : loaded 4 times (x 70B)
Class com.android.tools.idea.gradle.model.IdeJavaLibraryImpl                          : loaded 4 times (x 92B)
Class com.android.tools.idea.gradle.model.IdeJavaCompileOptions                       : loaded 4 times (x 70B)
Class com.android.tools.idea.gradle.project.sync.ModelCacheV2ImplKt$modelCacheV2Impl$variantCoreFrom$9: loaded 4 times (x 129B)
Class com.android.tools.idea.gradle.model.IdeAndroidLibraryImpl                       : loaded 4 times (x 106B)
Class com.android.tools.idea.gradle.model.IdeArtifactName$Companion                   : loaded 4 times (x 71B)
Class com.android.tools.idea.gradle.model.IdePreResolvedModuleLibraryImpl             : loaded 4 times (x 81B)
Class com.android.tools.idea.gradle.project.sync.FetchedVariantResult$Finished        : loaded 4 times (x 72B)
Class com.android.tools.idea.gradle.project.sync.IdeSyncExecutionReport               : loaded 4 times (x 71B)
Class com.android.tools.idea.gradle.model.impl.IdeUnresolvedLibraryTable              : loaded 4 times (x 70B)
Class com.android.tools.idea.gradle.project.sync.StandaloneDeliverableModel$Companion : loaded 4 times (x 71B)
Class com.android.tools.idea.gradle.project.sync.SyncProjectActionWorker$populateAndroidModels$2$variantDiscovery$1: loaded 4 times (x 78B)
Class com.android.tools.idea.gradle.model.IdeViewBindingOptions                       : loaded 4 times (x 70B)
Class com.android.tools.idea.gradle.project.sync.AndroidProjectPathResolver           : loaded 4 times (x 70B)
Class com.android.tools.idea.gradle.model.impl.IdeDependenciesCoreImpl                : loaded 4 times (x 70B)
Class com.android.tools.idea.gradle.project.sync.ModelCache                           : loaded 4 times (x 70B)
Class org.jetbrains.plugins.gradle.tooling.serialization.internal.IdeaProjectSerializationService$10: loaded 4 times (x 76B)
Class org.gradle.tooling.internal.consumer.converters.IncludedBuildsMixin             : loaded 4 times (x 74B)
Class org.jetbrains.plugins.gradle.tooling.serialization.internal.IdeaProjectSerializationService$1: loaded 4 times (x 76B)
Class org.jetbrains.plugins.gradle.model.GradleConvention                             : loaded 4 times (x 70B)
Class com.android.tools.idea.gradle.project.sync.LibraryIdentity$LibraryIdentityProvider: loaded 4 times (x 72B)
Class org.gradle.tooling.model.SourceDirectory                                        : loaded 4 times (x 70B)
Class com.intellij.openapi.util.io.FileUtilRt                                         : loaded 4 times (x 71B)
Class org.gradle.tooling.model.idea.IdeaModule                                        : loaded 4 times (x 70B)
Class kotlin.jvm.internal.Intrinsics$Kotlin                                           : loaded 4 times (x 71B)
Class org.gradle.internal.impldep.com.google.common.base.Preconditions                : loaded 4 times (x 71B)
Class com.android.tools.idea.gradle.model.IdeBuild                                    : loaded 4 times (x 70B)
Class com.intellij.gradle.toolingExtension.impl.modelSerialization.ToolingSerializer$1: loaded 4 times (x 76B)
Class com.android.tools.idea.gradle.model.IdeProjectPath                              : loaded 4 times (x 70B)
Class com.android.tools.idea.gradle.project.sync.DependencyGraphCompat$AdjacencyList  : loaded 4 times (x 72B)
Class org.jetbrains.plugins.gradle.tooling.serialization.internal.IdeaProjectSerializationService$2: loaded 4 times (x 77B)
Class com.android.tools.idea.gradle.project.sync.ArtifactDependenciesCompat           : loaded 4 times (x 72B)
Class com.android.tools.idea.gradle.model.IdeBaseArtifactCore                         : loaded 4 times (x 70B)
Class com.android.tools.idea.gradle.project.sync.AllVariantsSyncActionOptions         : loaded 4 times (x 73B)
Class com.android.tools.idea.gradle.model.impl.IdeProductFlavorImpl                   : loaded 4 times (x 101B)
Class com.android.builder.model.v2.ide.TestSuiteTarget                                : loaded 4 times (x 70B)
Class com.android.tools.idea.gradle.model.impl.IdeAndroidArtifactCoreImpl             : loaded 4 times (x 103B)
Class com.android.tools.idea.gradle.model.impl.IdeBuildTypeImpl                       : loaded 4 times (x 93B)
Class org.gradle.tooling.internal.consumer.converters.EclipseProjectHasAutoBuildMixin : loaded 4 times (x 72B)
Class com.android.tools.idea.gradle.model.impl.IdeDependenciesInfoImpl                : loaded 4 times (x 75B)
Class com.android.tools.idea.gradle.project.sync.AndroidVariantResolver               : loaded 4 times (x 70B)
Class com.android.tools.idea.gradle.model.ClasspathType                               : loaded 4 times (x 79B)
Class com.android.tools.idea.gradle.model.IdeJavaLibrary                              : loaded 4 times (x 70B)
Class com.android.tools.idea.gradle.model.IdeLibrary                                  : loaded 4 times (x 70B)
Class com.android.tools.idea.gradle.model.IdeSigningConfig                            : loaded 4 times (x 70B)
Class com.android.tools.idea.gradle.project.sync.ModelFeature                         : loaded 4 times (x 79B)
Class com.android.tools.idea.gradle.project.sync.ModelCacheV2ImplKt                   : loaded 4 times (x 71B)
Class com.android.builder.model.v2.models.TestApkTestSuiteSource                      : loaded 4 times (x 70B)
Class com.android.tools.idea.gradle.project.sync.BuildInfo                            : loaded 4 times (x 72B)
Class com.android.tools.idea.gradle.project.sync.AgpVersionTooOld                     : loaded 4 times (x 82B)
Class org.jetbrains.plugins.gradle.tooling.serialization.internal.IdeaProjectSerializationService$3: loaded 4 times (x 77B)
Class org.gradle.tooling.internal.consumer.converters.IdeaProjectJavaLanguageSettingsMixin: loaded 4 times (x 73B)
Class com.android.tools.idea.gradle.project.sync.BasicNonAndroidIncompleteGradleModule: loaded 4 times (x 73B)
Class com.android.tools.idea.gradle.model.IdeAndroidLibrary                           : loaded 4 times (x 70B)
Class com.android.tools.idea.gradle.project.sync.GradleModule                         : loaded 4 times (x 78B)
Class [Lcom.android.tools.idea.gradle.project.sync.AndroidModule$NativeModelVersion;  : loaded 4 times (x 69B)
Class com.android.tools.idea.gradle.model.impl.IdeAndroidProjectImpl$Companion        : loaded 4 times (x 71B)
Class com.android.tools.idea.gradle.model.impl.IdeAaptOptionsImpl                     : loaded 4 times (x 75B)
Class com.android.tools.idea.gradle.model.impl.IdeProjectPathImpl                     : loaded 4 times (x 77B)
Class com.android.builder.model.v2.models.TestSuiteSourceDependenciesAdjacencyList    : loaded 4 times (x 70B)
Class com.android.tools.idea.gradle.model.impl.IdeExtraSourceProviderImpl             : loaded 4 times (x 76B)
Class org.gradle.tooling.internal.adapter.ProtocolToModelAdapter$MixInTypeMappingAction: loaded 4 times (x 81B)
Class com.android.tools.idea.gradle.model.impl.IdeCompositeBuildMapImpl               : loaded 4 times (x 76B)
Class [Lcom.android.tools.idea.gradle.project.upgrade.AndroidGradlePluginCompatibility;: loaded 4 times (x 69B)
Class com.android.tools.idea.gradle.project.sync.ModelCacheV2ImplKt$modelCacheV2Impl$1: loaded 4 times (x 80B)
Class com.android.tools.idea.gradle.project.sync.VariantDetailsKt                     : loaded 4 times (x 71B)
Class com.android.tools.idea.gradle.model.impl.IdeVariantCoreImpl                     : loaded 4 times (x 108B)
Class com.android.tools.idea.gradle.model.IdePreResolvedModuleLibrary                 : loaded 4 times (x 70B)
Class org.jetbrains.kotlin.idea.gradleTooling.AndroidAwareGradleModelProvider$populateModels$1: loaded 4 times (x 74B)
Class com.android.tools.idea.gradle.model.impl.IdeVariantCoreSerializable             : loaded 4 times (x 70B)
Class com.android.builder.model.v2.models.ndk.NativeBuildSystem                       : loaded 4 times (x 79B)
Class com.android.tools.idea.gradle.project.sync.AndroidSdkBootClasspathUtilKt        : loaded 4 times (x 71B)
Class com.android.tools.idea.gradle.model.IdeCompositeBuildMap                        : loaded 4 times (x 70B)
Class org.gradle.tooling.model.cpp.CppBinary                                          : loaded 4 times (x 70B)
Class org.jetbrains.plugins.gradle.model.ProjectImportModelProvider$GradleModelConsumer$1: loaded 4 times (x 77B)
Class com.android.tools.idea.gradle.project.sync.AndroidExtraModelProviderKt$flattenDag$2: loaded 4 times (x 95B)
Class org.gradle.tooling.internal.adapter.ProtocolToModelAdapter$ClassMixInMethodInvoker: loaded 4 times (x 76B)
Class com.android.tools.idea.gradle.model.IdeVariantBuildInformation                  : loaded 4 times (x 70B)
Class com.android.tools.idea.gradle.project.sync.VariantSelectionChange$Companion     : loaded 4 times (x 71B)
Class com.android.tools.idea.gradle.model.LibraryReference                            : loaded 4 times (x 72B)
Class com.android.tools.idea.gradle.model.IdeAaptOptions                              : loaded 4 times (x 70B)
Class com.android.builder.model.v2.ide.TestSuite                                      : loaded 4 times (x 70B)
Class com.google.common.collect.SortedLists$KeyAbsentBehavior$1                       : loaded 4 times (x 80B)
Class com.android.tools.idea.gradle.project.sync.NativeVariantAbiResult$None          : loaded 4 times (x 71B)
Class com.android.tools.idea.gradle.project.sync.AndroidSyncException                 : loaded 4 times (x 82B)
Class com.android.ide.common.gradle.Version$Companion$ParseState$NONNUMERIC           : loaded 4 times (x 74B)
Class com.android.tools.idea.gradle.model.impl.IdeModuleWellKnownSourceSet$Companion  : loaded 4 times (x 71B)
Class com.android.tools.idea.gradle.project.sync.IdeModelWithPostProcessor            : loaded 4 times (x 72B)
Class com.android.ide.common.gradle.Module                                            : loaded 4 times (x 72B)
Class com.android.tools.idea.gradle.project.sync.GradleInjectedSyncActionRunner       : loaded 4 times (x 70B)
Class org.jetbrains.plugins.gradle.tooling.serialization.internal.IdeaProjectSerializationService$6: loaded 4 times (x 76B)
Class com.android.tools.idea.gradle.project.sync.AndroidModule$NativeModelVersion     : loaded 4 times (x 79B)
Class com.google.common.collect.TreeRangeSet$AsRanges                                 : loaded 4 times (x 149B)
Class [Lcom.android.tools.idea.gradle.model.ClasspathType;                            : loaded 4 times (x 69B)
Class [Lcom.android.builder.model.v2.models.ndk.NativeBuildSystem;                    : loaded 4 times (x 69B)
Class com.android.tools.idea.gradle.project.sync.SyncActionRunnerKt$toMeasuringController$1: loaded 4 times (x 90B)
Class [Lcom.android.tools.idea.gradle.model.IdeArtifactName;                          : loaded 4 times (x 69B)
Class com.google.common.collect.SortedLists$KeyAbsentBehavior$2                       : loaded 4 times (x 80B)
Class com.google.common.collect.Cut$AboveAll                                          : loaded 4 times (x 88B)
Class com.android.tools.idea.gradle.project.sync.LibraryIdentity$LibraryIdentityProvider$special$$inlined$compareBy$1: loaded 4 times (x 90B)
Class com.android.tools.idea.gradle.project.sync.ModelFetchersKt                      : loaded 4 times (x 71B)
Class com.android.tools.idea.gradle.project.sync.ModelConverter                       : loaded 4 times (x 71B)
Class com.google.common.collect.SortedLists$KeyAbsentBehavior                         : loaded 4 times (x 80B)
Class com.android.tools.idea.gradle.project.sync.SyncCounters                         : loaded 4 times (x 72B)
Class org.jetbrains.plugins.gradle.model.DefaultBuildController                       : loaded 4 times (x 106B)
Class com.android.tools.idea.gradle.project.sync.ModelResult                          : loaded 4 times (x 72B)
Class com.android.tools.idea.gradle.model.IdeUnknownLibrary                           : loaded 4 times (x 70B)
Class com.android.tools.idea.gradle.project.sync.VariantDependenciesCompat$AdjacencyList: loaded 4 times (x 72B)
Class org.jetbrains.plugins.gradle.model.GradleLightProject                           : loaded 4 times (x 70B)
Class org.jetbrains.plugins.gradle.model.FilePatternSet                               : loaded 4 times (x 70B)
Class com.google.common.collect.ComparisonChain$InactiveComparisonChain               : loaded 4 times (x 80B)
Class com.google.common.collect.SortedLists$KeyPresentBehavior$5                      : loaded 4 times (x 80B)
Class com.android.tools.idea.gradle.project.sync.VariantNameResolutionKt              : loaded 4 times (x 71B)
Class com.android.tools.idea.gradle.model.IdeUnresolvedAndroidLibrary                 : loaded 4 times (x 70B)
Class com.intellij.openapi.util.io.FileTooBigException                                : loaded 4 times (x 82B)
Class org.jetbrains.plugins.gradle.tooling.serialization.internal.IdeaProjectSerializationService$7: loaded 4 times (x 76B)
Class com.android.tools.idea.gradle.project.sync.DeliverableJavaModule                : loaded 4 times (x 76B)
Class com.intellij.openapi.util.io.FileUtil                                           : loaded 4 times (x 71B)
Class com.android.tools.idea.gradle.project.sync.GradleProject                        : loaded 4 times (x 75B)
Class com.android.ide.common.gradle.SNAPSHOT                                          : loaded 4 times (x 79B)
Class com.android.builder.model.v2.ide.TestSuiteArtifact                              : loaded 4 times (x 70B)
Class com.google.common.collect.SortedLists$KeyAbsentBehavior$3                       : loaded 4 times (x 80B)
Class org.gradle.tooling.internal.adapter.ProtocolToModelAdapter$ChainedMethodInvoker : loaded 4 times (x 76B)
Class com.intellij.gradle.toolingExtension.impl.modelAction.GradleDaemonModelHolder$1 : loaded 4 times (x 78B)
Class org.jetbrains.plugins.gradle.tooling.serialization.internal.adapter.kotlin.dsl.InternalKotlinDslScriptsModel: loaded 4 times (x 76B)
Class org.gradle.tooling.model.idea.IdeaJavaLanguageSettings                          : loaded 4 times (x 70B)
Class com.google.common.collect.SortedLists$KeyPresentBehavior$4                      : loaded 4 times (x 80B)
Class [Lcom.google.common.collect.SortedLists$KeyPresentBehavior;                     : loaded 4 times (x 69B)
Class org.gradle.tooling.model.kotlin.dsl.EditorReport                                : loaded 4 times (x 70B)
Class com.android.tools.idea.gradle.model.IdeBaseConfig                               : loaded 4 times (x 70B)
Class com.android.tools.idea.gradle.project.sync.GradleModelCollection                : loaded 4 times (x 70B)
Class org.jetbrains.plugins.gradle.tooling.serialization.internal.IdeaProjectSerializationService$8: loaded 4 times (x 76B)
Class com.android.tools.idea.gradle.project.sync.BuildId                              : loaded 4 times (x 72B)
Class com.android.tools.idea.gradle.project.sync.AndroidProjectResult                 : loaded 4 times (x 76B)
Class com.android.tools.idea.gradle.model.IdeExtraSourceProvider                      : loaded 4 times (x 70B)
Class com.intellij.openapi.util.io.FileUtil$1                                         : loaded 4 times (x 77B)
Class com.android.tools.idea.gradle.project.sync.NativeVariantAbiResult$V2            : loaded 4 times (x 72B)
Class org.jetbrains.plugins.gradle.tooling.util.GradleVersionComparator               : loaded 4 times (x 75B)
Class com.google.common.collect.SortedLists                                           : loaded 4 times (x 71B)
Class org.gradle.tooling.internal.consumer.converters.BasicGradleProjectIdentifierMixin: loaded 4 times (x 73B)
Class com.google.common.collect.SortedLists$KeyPresentBehavior                        : loaded 4 times (x 80B)
Class com.intellij.gradle.toolingExtension.impl.modelSerialization.ToolingSerializer  : loaded 4 times (x 72B)
Class com.android.tools.idea.gradle.model.impl.IdeBuildTypeContainerImpl              : loaded 4 times (x 79B)
Class org.jetbrains.plugins.gradle.tooling.serialization.internal.IdeaProjectSerializationService$TestResourceDirectoriesGetter: loaded 4 times (x 75B)
Class com.android.tools.idea.gradle.project.sync.AllKotlinModels                      : loaded 4 times (x 72B)
Class com.android.tools.idea.gradle.model.impl.ThrowingIdeDependencies                : loaded 4 times (x 78B)
Class org.jetbrains.kotlin.gradle.idea.kpm.IdeaKpmProjectContainer                    : loaded 4 times (x 70B)
Class com.android.tools.idea.gradle.project.sync.IndexedModels                        : loaded 4 times (x 72B)
Class [Lcom.android.tools.idea.gradle.model.impl.IdeModuleSourceSet;                  : loaded 4 times (x 69B)
Class com.intellij.openapi.util.io.FileUtil$2                                         : loaded 4 times (x 82B)
Class com.android.tools.idea.gradle.model.IdeUnresolvedUnknownLibrary                 : loaded 4 times (x 70B)
Class com.android.builder.model.v2.models.TestSuiteDependenciesAdjacencyList          : loaded 4 times (x 70B)
Class com.android.tools.idea.gradle.model.IdeAndroidProject                           : loaded 4 times (x 70B)
Class com.android.ide.common.gradle.Component                                         : loaded 4 times (x 72B)
Class org.jetbrains.plugins.gradle.tooling.serialization.internal.IdeaProjectSerializationService$11: loaded 4 times (x 76B)
Class com.android.tools.idea.gradle.project.sync.LibraryIdentity$LibraryIdentityProvider$Companion: loaded 4 times (x 71B)
Class com.android.tools.idea.gradle.project.sync.FetchedVariantResult                 : loaded 4 times (x 71B)
Class com.android.tools.idea.gradle.model.impl.IdeJavaCompileOptionsImpl              : loaded 4 times (x 78B)
Class org.gradle.internal.impldep.com.google.common.base.Present                      : loaded 4 times (x 81B)
Class com.google.common.collect.SortedLists$KeyPresentBehavior$3                      : loaded 4 times (x 80B)
Class com.android.tools.idea.gradle.model.IdeBasicVariant                             : loaded 4 times (x 70B)
Class com.android.tools.idea.gradle.project.sync.DefaultVariantsKt$getDefaultVariant$$inlined$thenBy$1: loaded 4 times (x 90B)
Class com.android.tools.idea.gradle.project.sync.JavaModule                           : loaded 4 times (x 78B)
Class com.android.builder.model.v2.models.AssetsTestSuiteSource                       : loaded 4 times (x 70B)
Class [Lcom.android.tools.idea.gradle.model.IdeTestOptions$Execution;                 : loaded 4 times (x 69B)
Class org.gradle.tooling.internal.adapter.ProtocolToModelAdapter$MixInBeanMappingAction: loaded 4 times (x 81B)
Class com.android.tools.idea.gradle.project.sync.AndroidExtraModelProviderKt          : loaded 4 times (x 71B)
Class com.intellij.util.containers.UtilKt                                             : loaded 4 times (x 71B)
Class com.android.tools.idea.gradle.model.impl.IdeSourceProviderContainerImpl         : loaded 4 times (x 76B)
Class com.android.tools.idea.gradle.model.impl.IdeCustomSourceDirectoryImpl           : loaded 4 times (x 76B)
Class com.android.tools.idea.gradle.project.sync.BasicModulesKt                       : loaded 4 times (x 71B)
Class com.android.tools.idea.gradle.project.upgrade.AndroidGradlePluginCompatibility  : loaded 4 times (x 79B)
Class com.google.common.collect.Cut$AboveValue                                        : loaded 4 times (x 88B)
Class com.google.common.collect.Iterators$PeekingImpl                                 : loaded 4 times (x 85B)
Class com.android.tools.idea.gradle.project.sync.ModelVersions                        : loaded 4 times (x 72B)
Class com.android.tools.idea.gradle.model.IdeProductFlavor                            : loaded 4 times (x 70B)
Class com.android.tools.idea.gradle.project.sync.AdditionalClassifierArtifactsModelCollectorKt: loaded 4 times (x 71B)
Class com.google.common.collect.Cut$BelowValue                                        : loaded 4 times (x 88B)
Class com.android.tools.idea.gradle.model.IdeVariantHeader                            : loaded 4 times (x 70B)
Class org.jetbrains.plugins.gradle.tooling.serialization.internal.IdeaProjectSerializationService$TargetBytecodeVersionGetter: loaded 4 times (x 75B)
Class com.android.tools.idea.gradle.model.impl.IdeBuildImpl                           : loaded 4 times (x 76B)
Class com.android.tools.idea.gradle.project.sync.HasBasicGradleProject                : loaded 4 times (x 70B)
Class io.opentelemetry.context.ForwardingExecutorService                              : loaded 4 times (x 104B)
Class org.gradle.tooling.internal.consumer.converters.FixedBuildIdentifierProvider    : loaded 4 times (x 75B)
Class com.google.common.collect.SortedLists$KeyPresentBehavior$2                      : loaded 4 times (x 80B)
Class com.android.tools.idea.gradle.model.IdeSourceProviderContainer                  : loaded 4 times (x 70B)
Class com.android.tools.idea.gradle.model.impl.IdeLintOptionsImpl                     : loaded 4 times (x 103B)
Class com.android.tools.idea.gradle.model.IdeArtifactLibrary                          : loaded 4 times (x 70B)
Class com.android.tools.idea.gradle.model.IdeAndroidLibraryImplKt                     : loaded 4 times (x 71B)
Class org.gradle.tooling.internal.consumer.converters.EclipseExternalDependencyUnresolvedMixin: loaded 4 times (x 73B)
Class com.android.tools.idea.gradle.project.sync.ModelCacheV2ImplKt$modelCacheV2Impl$createFromDependencies$1$LibraryWithDependencies: loaded 4 times (x 72B)
Class com.android.tools.idea.gradle.model.impl.IdeViewBindingOptionsImpl              : loaded 4 times (x 74B)
Class com.intellij.gradle.toolingExtension.impl.modelAction.GradleDaemonModelHolder$ConvertedModel: loaded 4 times (x 72B)
Class org.gradle.tooling.model.kotlin.dsl.EditorReportSeverity                        : loaded 4 times (x 79B)
Class com.android.tools.idea.gradle.project.sync.AndroidProjectResult$Companion$RuntimeClasspathBehaviour: loaded 4 times (x 71B)
Class com.google.common.collect.SortedLists$KeyPresentBehavior$1                      : loaded 4 times (x 80B)
Class com.android.tools.idea.gradle.model.impl.IdeUnresolvedLibraryTableImpl          : loaded 4 times (x 75B)
Class org.gradle.tooling.internal.consumer.converters.IdeaModuleDependencyTargetNameMixin: loaded 4 times (x 73B)
Class com.android.tools.idea.gradle.model.impl.IdeMultiVariantDataImpl                : loaded 4 times (x 77B)
Class com.android.tools.idea.gradle.model.IdeUnresolvedJavaLibrary                    : loaded 4 times (x 70B)
Class com.android.tools.idea.gradle.project.sync.AgpVersionsMismatch                  : loaded 4 times (x 82B)
Class [Lcom.android.tools.idea.gradle.project.sync.ModelFeature;                      : loaded 4 times (x 69B)
Class com.android.tools.idea.gradle.project.sync.NativeVariantAbiResult               : loaded 4 times (x 71B)
Class com.android.tools.idea.gradle.project.sync.VariantSelectionKt                   : loaded 4 times (x 71B)
Class com.android.tools.idea.gradle.project.sync.StandaloneDeliverableModel           : loaded 4 times (x 75B)
Class com.android.tools.idea.gradle.project.sync.AndroidProjectResult$V2Project       : loaded 4 times (x 77B)
Class com.android.tools.idea.gradle.project.sync.AndroidProjectResult$Companion       : loaded 4 times (x 71B)
Class com.android.tools.idea.gradle.project.sync.LibraryIdentity$LibraryIdentityProvider$special$$inlined$thenBy$1: loaded 4 times (x 90B)
Class com.android.tools.idea.gradle.model.impl.IdeApiVersionImpl                      : loaded 4 times (x 77B)
Class io.opentelemetry.context.ContextExecutorService                                 : loaded 4 times (x 104B)
Class [Lcom.android.tools.idea.gradle.project.sync.MeasurementCheckpoint;             : loaded 4 times (x 69B)
Class [Lcom.google.common.collect.SortedLists$KeyAbsentBehavior;                      : loaded 4 times (x 69B)
Class com.android.tools.idea.gradle.model.IdeAndroidArtifactCore                      : loaded 4 times (x 70B)
Class com.android.tools.idea.gradle.model.IdeAndroidLibraryImpl$Companion             : loaded 4 times (x 71B)
Class com.android.tools.idea.gradle.project.sync.HasLintJar                           : loaded 4 times (x 70B)
Class com.android.builder.model.v2.ide.TestSuiteTestInfo                              : loaded 4 times (x 70B)
Class com.android.tools.idea.gradle.project.sync.DefaultVariantsKt                    : loaded 4 times (x 71B)
Class com.android.tools.idea.gradle.model.IdeJavaArtifactCore                         : loaded 4 times (x 70B)
Class com.android.builder.model.v2.ide.BasicTestSuiteArtifact                         : loaded 4 times (x 70B)
Class com.android.tools.idea.gradle.project.sync.ModelCache$V2                        : loaded 4 times (x 70B)
Class com.android.tools.idea.gradle.project.sync.Modules                              : loaded 4 times (x 71B)
Class org.jetbrains.plugins.gradle.model.DefaultGradleLightBuild                      : loaded 4 times (x 82B)
Class com.android.ide.common.gradle.NonNumeric                                        : loaded 4 times (x 77B)
Class org.jetbrains.plugins.gradle.model.ExternalSourceDirectorySet                   : loaded 4 times (x 70B)
Class com.android.tools.idea.gradle.project.sync.AndroidExtraModelProviderWorker      : loaded 4 times (x 72B)
Class com.android.tools.idea.gradle.model.IdeAaptOptions$Namespacing                  : loaded 4 times (x 79B)
Class com.android.ide.common.repository.AgpVersion$PreviewKind$WhenMappings           : loaded 4 times (x 71B)
Class com.android.tools.idea.gradle.model.IdeApiVersion                               : loaded 4 times (x 70B)
Class com.android.tools.idea.gradle.model.impl.IdeTestOptionsImpl                     : loaded 4 times (x 77B)
Class com.android.tools.idea.gradle.project.sync.ModelCacheV2ImplKt$modelCacheV2Impl$variantCoreFrom$12: loaded 4 times (x 129B)
Class com.android.tools.idea.gradle.project.sync.ModelResult$Companion                : loaded 4 times (x 71B)
Class org.gradle.tooling.model.eclipse.EclipseClasspathEntry                          : loaded 4 times (x 70B)
Class org.gradle.tooling.model.eclipse.EclipseExternalDependency                      : loaded 4 times (x 70B)
Class org.gradle.tooling.internal.adapter.ProtocolToModelAdapter$TypeSpecificMappingAction: loaded 4 times (x 81B)
Class com.android.ide.common.gradle.Special                                           : loaded 4 times (x 79B)
Class kotlin.jvm.internal.FunctionAdapter                                             : loaded 4 times (x 70B)
Class org.gradle.internal.impldep.com.google.common.base.Optional                     : loaded 4 times (x 80B)
Class com.android.tools.idea.gradle.project.sync.IdeModelFactoryV2Kt                  : loaded 4 times (x 71B)
Class com.android.tools.idea.gradle.project.sync.ActionToRun                          : loaded 4 times (x 72B)
Class com.android.tools.idea.gradle.project.sync.DependencyGraphCompat                : loaded 4 times (x 71B)
Class com.android.tools.idea.gradle.model.IdeSourceProviderKt                         : loaded 4 times (x 71B)
Class com.android.tools.idea.gradle.model.impl.IdeAndroidGradlePluginProjectFlagsImpl : loaded 4 times (x 87B)
Class [Lcom.intellij.openapi.diagnostic.LogLevel;                                     : loaded 4 times (x 69B)
Class org.jetbrains.plugins.gradle.tooling.util.ClassMap                              : loaded 4 times (x 72B)
Class com.android.ide.common.gradle.Module$Companion                                  : loaded 4 times (x 71B)
Class com.android.tools.idea.gradle.project.sync.VariantDiscovery                     : loaded 4 times (x 72B)
Class com.android.tools.idea.gradle.model.impl.IdeAndroidProjectImpl                  : loaded 4 times (x 107B)
Class com.android.tools.idea.gradle.project.sync.MeasurementCheckpoint                : loaded 4 times (x 79B)
Class com.android.tools.idea.gradle.project.sync.AndroidExtraModelProviderWorkerKt    : loaded 4 times (x 71B)
Class com.android.tools.idea.gradle.project.sync.IdeAndroidModels                     : loaded 4 times (x 72B)
Class com.android.tools.idea.gradle.project.sync.SyncProjectActionWorker$populateAndroidModels$3$1: loaded 4 times (x 129B)
Class com.android.tools.idea.gradle.model.IdeUnresolvedArtifactLibrary                : loaded 4 times (x 70B)
Class com.android.tools.idea.gradle.model.IdeBuildTasksAndOutputInformation           : loaded 4 times (x 70B)
Class [Lcom.android.tools.idea.gradle.model.IdeAndroidProjectType;                    : loaded 4 times (x 69B)
Class org.jetbrains.plugins.gradle.tooling.serialization.internal.adapter.kotlin.dsl.InternalKotlinDslScriptModel: loaded 4 times (x 84B)
Class com.android.builder.model.v2.ide.TestSuiteVariantTarget                         : loaded 4 times (x 70B)
Class com.google.common.collect.Cut$BelowAll                                          : loaded 4 times (x 88B)
Class com.android.builder.model.v2.dsl.ClassField                                     : loaded 4 times (x 70B)
Class com.android.tools.idea.gradle.project.sync.DefaultVariantsKt$getDefaultVariant$$inlined$compareBy$1: loaded 4 times (x 90B)
Class com.android.tools.idea.gradle.project.sync.VariantAssetSourceProviderContext    : loaded 4 times (x 72B)
Class com.android.tools.idea.gradle.model.IdeTestOptions$Execution                    : loaded 4 times (x 79B)
Class com.android.tools.idea.gradle.model.IdeLintOptions                              : loaded 4 times (x 70B)
Class com.android.ide.common.gradle.Component$Companion                               : loaded 4 times (x 71B)
Class com.android.builder.model.v2.ide.UnresolvedDependency                           : loaded 4 times (x 70B)
Class com.android.tools.idea.gradle.project.sync.DefaultVariantsKt$getDefaultVariant$$inlined$thenBy$2: loaded 4 times (x 90B)
Class com.google.common.collect.TreeRangeSet                                          : loaded 4 times (x 115B)
Class com.android.tools.idea.gradle.project.sync.AndroidProjectResultKt               : loaded 4 times (x 71B)
Class com.android.tools.idea.projectsystem.gradle.sync.PerformanceMeasurementUtilKt   : loaded 4 times (x 71B)
Class com.android.tools.idea.gradle.model.impl.IdeModuleSourceSet                     : loaded 4 times (x 70B)
Class com.android.tools.idea.gradle.project.sync.AgpVersionTooNew                     : loaded 4 times (x 82B)
Class com.android.tools.idea.gradle.model.impl.IdeDependenciesCoreDirect              : loaded 4 times (x 79B)
Class org.gradle.tooling.model.Task                                                   : loaded 4 times (x 70B)
Class com.android.builder.model.AndroidProject                                        : loaded 4 times (x 70B)
Class org.jetbrains.plugins.gradle.tooling.serialization.internal.IdeaProjectSerializationService$WriteContext$FilePathComparator: loaded 4 times (x 91B)
Class org.gradle.tooling.internal.consumer.connection.ToolingParameterProxy           : loaded 4 times (x 76B)
Class com.android.tools.idea.gradle.project.sync.GradleModulesKt                      : loaded 4 times (x 71B)
Class org.gradle.tooling.model.gradle.BasicGradleProject                              : loaded 4 times (x 70B)
Class com.android.tools.idea.gradle.project.sync.InternedModels$nameLibraries$IdeModelAndReferenceAndIdentity: loaded 4 times (x 75B)
Class com.intellij.openapi.util.io.FileUtilRt$RepeatableIOOperation                   : loaded 4 times (x 70B)
Class com.android.tools.idea.gradle.model.impl.IdeBuildTasksAndOutputInformationImpl  : loaded 4 times (x 80B)
Class com.android.tools.idea.gradle.model.IdeMultiVariantData                         : loaded 4 times (x 70B)
Class com.android.tools.idea.gradle.project.sync.BuildTypeDef                         : loaded 4 times (x 72B)
Class com.android.tools.idea.gradle.project.sync.IdeModelFactoryV2                    : loaded 4 times (x 72B)
Class com.android.tools.idea.gradle.project.sync.VariantDef                           : loaded 4 times (x 72B)
Class com.android.tools.idea.gradle.project.sync.BasicIncompleteGradleModule          : loaded 4 times (x 73B)
Class com.android.builder.model.v2.models.HostJarTestSuiteSource                      : loaded 4 times (x 70B)
Class com.android.tools.idea.gradle.project.sync.SyncActionRunner$Companion           : loaded 4 times (x 71B)
Class com.android.tools.idea.gradle.project.sync.SyncActionRunner                     : loaded 4 times (x 76B)
Class [Lcom.android.tools.idea.gradle.model.impl.IdeModuleWellKnownSourceSet;         : loaded 4 times (x 69B)
Class com.android.tools.idea.gradle.project.sync.ModelCacheV1ImplKt                   : loaded 4 times (x 71B)
Class com.android.tools.idea.gradle.project.sync.VariantSelectionChange               : loaded 4 times (x 72B)
Class com.android.tools.idea.gradle.project.sync.ArtifactRef                          : loaded 4 times (x 71B)
Class com.android.tools.idea.gradle.model.ndk.v2.IdeNativeModule                      : loaded 4 times (x 70B)
Class com.android.tools.idea.gradle.project.sync.ClasspathIdentifier                  : loaded 4 times (x 72B)
Class com.android.tools.idea.gradle.project.sync.VariantDiscovery$toTraverseAction$1$1$moduleDependencies$1: loaded 4 times (x 129B)
Class com.android.tools.idea.gradle.model.IdeBuildType                                : loaded 4 times (x 70B)
Class com.android.tools.idea.gradle.project.sync.AndroidArtifactRef                   : loaded 4 times (x 72B)
Class org.gradle.tooling.model.cpp.CppComponent                                       : loaded 4 times (x 70B)
Class org.gradle.tooling.model.Launchable                                             : loaded 4 times (x 70B)
Class com.android.tools.idea.gradle.model.impl.IdeBasicVariantImpl                    : loaded 4 times (x 79B)
Class org.jetbrains.kotlin.idea.gradleTooling.model.kapt.KaptSourceSetModel           : loaded 4 times (x 70B)
Class com.android.tools.idea.gradle.model.impl.IdeVectorDrawablesOptionsImpl          : loaded 4 times (x 75B)
Class com.android.tools.idea.gradle.project.sync.ModuleId                             : loaded 4 times (x 72B)
Class com.android.tools.idea.gradle.project.sync.SyncVariantResult                    : loaded 4 times (x 72B)
Class com.intellij.gradle.toolingExtension.impl.util.GradleModelProviderUtil          : loaded 4 times (x 71B)
Class com.android.tools.idea.gradle.project.sync.ModuleConfiguration                  : loaded 4 times (x 72B)
Class com.android.tools.idea.gradle.model.impl.IdeVariantBuildInformationImpl         : loaded 4 times (x 76B)
Class com.android.tools.idea.gradle.project.sync.VariantNameResolutionKt$buildVariantNameResolver$1: loaded 4 times (x 75B)
Class com.intellij.gradle.toolingExtension.impl.modelSerialization.SerializationServiceNotFoundException: loaded 4 times (x 82B)
Class com.android.tools.idea.projectsystem.gradle.sync.Counter                        : loaded 4 times (x 72B)
Class com.android.builder.model.ProjectSyncIssues                                     : loaded 4 times (x 70B)
Class com.android.tools.idea.gradle.model.IdeCustomSourceDirectory                    : loaded 4 times (x 70B)
Class com.android.tools.idea.gradle.project.sync.ArtifactDependenciesCompat$AdjacencyList: loaded 4 times (x 72B)
Class com.intellij.openapi.diagnostic.Logger$DefaultFactory                           : loaded 4 times (x 74B)
Class com.android.tools.idea.gradle.project.sync.LibraryIdentity$Companion            : loaded 4 times (x 71B)
Class com.android.tools.idea.gradle.model.impl.IdeModuleWellKnownSourceSet            : loaded 4 times (x 84B)
Class com.android.tools.idea.gradle.project.sync.InternedModels                       : loaded 4 times (x 72B)
Class com.android.tools.idea.gradle.project.sync.BasicV2AndroidModuleGradleProject    : loaded 4 times (x 73B)
Class com.android.tools.idea.gradle.project.sync.ModelCacheV2ImplKt$modelCacheV2Impl$createFromDependencies$1$LibrariesByType: loaded 4 times (x 72B)
Class org.jetbrains.plugins.gradle.tooling.serialization.internal.IdeaProjectSerializationService$JavaHomePathGetter: loaded 4 times (x 75B)
Class com.android.tools.idea.gradle.model.impl.FileImplKt                             : loaded 4 times (x 71B)
Class com.intellij.gradle.toolingExtension.impl.util.GradleTreeTraverserUtil          : loaded 4 times (x 71B)
Class com.android.tools.idea.gradle.project.sync.SyncActionRunnerKt                   : loaded 4 times (x 71B)
Class com.android.tools.idea.gradle.model.ResolverType                                : loaded 4 times (x 79B)
Class org.gradle.tooling.model.GradleTask                                             : loaded 4 times (x 70B)
Class com.android.tools.idea.gradle.project.sync.ActionToRun$toSafeController$1       : loaded 4 times (x 90B)
Class com.android.tools.idea.gradle.project.sync.BasicIncompleteAndroidModule         : loaded 4 times (x 73B)
Class com.android.builder.model.Variant                                               : loaded 4 times (x 70B)
Class com.android.tools.idea.gradle.project.sync.ModelCacheKt                         : loaded 4 times (x 71B)
Class com.android.tools.idea.gradle.project.upgrade.AndroidGradlePluginCompatibilityKt: loaded 4 times (x 71B)
Class com.intellij.openapi.diagnostic.Logger$Factory                                  : loaded 4 times (x 70B)
Class com.android.tools.idea.gradle.project.sync.DeliverableGradleModule              : loaded 4 times (x 76B)
Class com.intellij.openapi.diagnostic.LogLevel                                        : loaded 4 times (x 79B)
Class com.android.tools.idea.gradle.model.IdeUnknownLibraryImpl                       : loaded 4 times (x 83B)
Class org.gradle.tooling.internal.adapter.ProtocolToModelAdapter$BeanMixInMethodInvoker: loaded 4 times (x 76B)
Class com.android.tools.idea.gradle.project.sync.VariantDiscoveryKt                   : loaded 4 times (x 71B)
Class com.android.tools.idea.gradle.project.sync.HasAndroidVariantResolver            : loaded 4 times (x 70B)
Class com.intellij.gradle.toolingExtension.impl.modelAction.GradleModelId             : loaded 4 times (x 72B)
Class com.google.common.collect.Cut                                                   : loaded 4 times (x 88B)
Class com.android.builder.model.v2.ide.JUnitEngineInfo                                : loaded 4 times (x 70B)
Class com.android.ide.common.gradle.RC                                                : loaded 4 times (x 79B)
Class com.android.tools.idea.gradle.project.sync.AndroidModule$V2                     : loaded 4 times (x 88B)
Class com.android.tools.idea.gradle.model.IdeVariantCore                              : loaded 4 times (x 70B)
Class com.android.tools.idea.gradle.project.sync.LibraryIdentity                      : loaded 4 times (x 72B)
Class [Lcom.android.tools.idea.gradle.model.ResolverType;                             : loaded 4 times (x 69B)
Class com.android.tools.idea.gradle.model.impl.FileImpl                               : loaded 4 times (x 121B)
Class org.jetbrains.plugins.gradle.model.GradleLightBuild                             : loaded 4 times (x 70B)
Class com.android.tools.idea.gradle.project.sync.VariantDetails                       : loaded 4 times (x 72B)
Class com.android.tools.idea.gradle.model.impl.IdeVariantCoreImpl$Companion           : loaded 4 times (x 71B)
Class com.google.common.collect.Range$RangeLexOrdering                                : loaded 4 times (x 114B)
Class org.jetbrains.plugins.gradle.model.DefaultGradleLightProject                    : loaded 4 times (x 84B)
Class com.android.tools.idea.gradle.project.sync.AndroidModule$V1                     : loaded 4 times (x 88B)
Class com.intellij.openapi.util.SystemInfoRt                                          : loaded 4 times (x 71B)
Class com.intellij.openapi.diagnostic.Logger                                          : loaded 4 times (x 99B)
Class com.android.tools.idea.gradle.project.sync.DeliverableAndroidModule             : loaded 4 times (x 76B)
Class com.android.tools.idea.gradle.project.sync.GradleProject$ModelConsumer          : loaded 4 times (x 72B)
Class org.gradle.tooling.model.java.InstalledJdk                                      : loaded 4 times (x 70B)
Class com.intellij.openapi.util.Comparing                                             : loaded 4 times (x 71B)
Class com.intellij.openapi.diagnostic.Attachment                                      : loaded 4 times (x 72B)
Class com.android.tools.idea.gradle.model.IdeVectorDrawablesOptions                   : loaded 4 times (x 70B)
Class com.android.tools.idea.gradle.model.IdeSourceProvider                           : loaded 4 times (x 72B)
Class com.intellij.openapi.diagnostic.DefaultLogger                                   : loaded 4 times (x 101B)
Class com.android.tools.idea.gradle.model.impl.IdeDependencyCoreImpl                  : loaded 4 times (x 76B)
Class org.jetbrains.plugins.gradle.model.tests.ExternalTestSourceMapping              : loaded 4 times (x 70B)
Class com.android.tools.idea.gradle.project.sync.VariantDependenciesCompat            : loaded 4 times (x 72B)
Class [Lcom.android.tools.idea.gradle.model.IdeAaptOptions$Namespacing;               : loaded 4 times (x 69B)
Class com.android.tools.idea.gradle.model.IdeDependenciesInfo                         : loaded 4 times (x 70B)
Class com.android.tools.idea.gradle.project.sync.BuildModelsAndMap                    : loaded 4 times (x 72B)
Class com.android.tools.idea.gradle.model.IdeTestOptions                              : loaded 4 times (x 70B)
Class com.android.builder.model.v2.models.BasicTestSuite                              : loaded 4 times (x 70B)
Class Build_gradle                                                                    : loaded 3 times (x 126B)
Class com.google.common.collect.Multimap                                              : loaded 3 times (x 70B)
Class com.google.common.base.Objects                                                  : loaded 3 times (x 71B)
Class com.google.common.base.ExtraObjectsMethodsForWeb                                : loaded 3 times (x 71B)
Class com.google.common.util.concurrent.AbstractFuture$Failure                        : loaded 2 times (x 72B)
Class com.google.common.base.Equivalence$Equals                                       : loaded 2 times (x 82B)
Class com.google.common.collect.Hashing                                               : loaded 2 times (x 71B)
Class com.google.common.collect.Sets$2                                                : loaded 2 times (x 141B)
Class com.google.common.cache.LocalCache$ValueReference                               : loaded 2 times (x 70B)
Class com.google.common.collect.RegularImmutableBiMap                                 : loaded 2 times (x 149B)
Class org.gradle.api.internal.classpath.Module                                        : loaded 2 times (x 70B)
Class com.google.common.collect.ImmutableMapEntrySet                                  : loaded 2 times (x 152B)
Class com.google.common.collect.ImmutableMultimap$2                                   : loaded 2 times (x 81B)
Class sync_studio_tooling11_dut2j0lzlugnv1571hri1gwt2$_run_closure1                   : loaded 2 times (x 139B)
Class com.google.common.base.Stopwatch                                                : loaded 2 times (x 72B)
Class com.google.common.cache.LocalCache$Strength                                     : loaded 2 times (x 81B)
Class com.google.common.cache.Cache                                                   : loaded 2 times (x 70B)
Class com.google.common.collect.ImmutableMultimap$1                                   : loaded 2 times (x 82B)
Class com.google.common.util.concurrent.AbstractFuture$Cancellation                   : loaded 2 times (x 72B)
Class com.google.common.collect.ImmutableMap$Builder                                  : loaded 2 times (x 82B)
Class com.google.common.collect.ImmutableEnumSet                                      : loaded 2 times (x 146B)
Class com.google.common.collect.ArrayListMultimapGwtSerializationDependencies         : loaded 2 times (x 172B)
Class com.google.common.collect.Multiset                                              : loaded 2 times (x 70B)
Class com.google.common.collect.RegularImmutableMap$BucketOverflowException           : loaded 2 times (x 82B)
Class [Lcom.google.common.cache.Weigher;                                              : loaded 2 times (x 69B)
Class com.google.common.math.MathPreconditions                                        : loaded 2 times (x 71B)
Class com.google.common.collect.ObjectArrays                                          : loaded 2 times (x 71B)
Class [Lorg.gradle.api.internal.ClassPathProvider;                                    : loaded 2 times (x 69B)
Class com.google.common.base.PatternCompiler                                          : loaded 2 times (x 70B)
Class org.objectweb.asm.CurrentFrame                                                  : loaded 2 times (x 73B)
Class org.objectweb.asm.ClassTooLargeException                                        : loaded 2 times (x 83B)
Class org.objectweb.asm.MethodWriter                                                  : loaded 2 times (x 106B)
Class org.gradle.api.internal.ClassPathProvider                                       : loaded 2 times (x 70B)
Class com.google.common.primitives.Ints                                               : loaded 2 times (x 71B)
Class com.google.common.cache.RemovalListener                                         : loaded 2 times (x 70B)
Class org.gradle.api.internal.DefaultClassPathRegistry                                : loaded 2 times (x 76B)
Class com.google.common.util.concurrent.ExecutionError                                : loaded 2 times (x 82B)
Class com.google.common.collect.ImmutableMultimap$Keys                                : loaded 2 times (x 166B)
Class com.google.common.cache.LoadingCache                                            : loaded 2 times (x 70B)
Class com.google.common.util.concurrent.AbstractFuture$TrustedFuture                  : loaded 2 times (x 114B)
Class org.gradle.api.internal.classpath.DefaultModuleRegistry$DefaultModule           : loaded 2 times (x 82B)
Class com.google.common.collect.BiMap                                                 : loaded 2 times (x 70B)
Class com.google.common.collect.ImmutableMap$1                                        : loaded 2 times (x 81B)
Class com.google.common.cache.LocalCache$StrongEntry                                  : loaded 2 times (x 108B)
Class com.google.common.collect.IndexedImmutableSet                                   : loaded 2 times (x 152B)
Class org.objectweb.asm.Frame                                                         : loaded 2 times (x 73B)
Class org.objectweb.asm.MethodVisitor                                                 : loaded 2 times (x 105B)
Class com.google.common.cache.LocalCache$EntryFactory$1                               : loaded 2 times (x 83B)
Class [Lcom.google.common.cache.RemovalListener;                                      : loaded 2 times (x 69B)
Class org.objectweb.asm.FieldVisitor                                                  : loaded 2 times (x 77B)
Class org.gradle.internal.classloader.ClassLoaderHierarchy                            : loaded 2 times (x 70B)
Class com.google.common.hash.PrimitiveSink                                            : loaded 2 times (x 70B)
Class com.google.common.primitives.IntsMethodsForWeb                                  : loaded 2 times (x 71B)
Class org.gradle.api.internal.classpath.UnknownModuleException                        : loaded 2 times (x 82B)
Class org.gradle.internal.classpath.DefaultClassPath$ImmutableUniqueList              : loaded 2 times (x 199B)
Class org.gradle.api.internal.ClassPathRegistry                                       : loaded 2 times (x 70B)
Class org.objectweb.asm.Label                                                         : loaded 2 times (x 73B)
Class com.google.common.cache.CacheLoader$InvalidCacheLoadException                   : loaded 2 times (x 82B)
Class org.objectweb.asm.SymbolTable                                                   : loaded 2 times (x 72B)
Class com.google.common.cache.CacheBuilder                                            : loaded 2 times (x 72B)
Class com.google.common.cache.LocalCache$EntryFactory$2                               : loaded 2 times (x 83B)
Class Settings_gradle$1                                                               : loaded 2 times (x 74B)
Class org.gradle.internal.classpath.ClassPath                                         : loaded 2 times (x 70B)
Class com.google.common.cache.LocalCache$AbstractReferenceEntry                       : loaded 2 times (x 107B)
Class com.google.common.base.JdkPattern                                               : loaded 2 times (x 75B)
Class com.google.common.cache.CacheLoader$UnsupportedLoadingOperationException        : loaded 2 times (x 82B)
Class org.objectweb.asm.ClassWriter                                                   : loaded 2 times (x 106B)
Class com.google.common.collect.AbstractMapBasedMultimap$KeySet$1                     : loaded 2 times (x 82B)
Class com.google.common.collect.RegularImmutableMap                                   : loaded 2 times (x 121B)
Class com.google.common.collect.ImmutableMap$MapViewOfValuesAsSingletonSets           : loaded 2 times (x 126B)
Class com.google.common.cache.LocalCache$EntryFactory                                 : loaded 2 times (x 83B)
Class com.google.common.cache.LocalCache$HashIterator                                 : loaded 2 times (x 86B)
Class com.google.common.cache.LocalCache$WriteThroughEntry                            : loaded 2 times (x 79B)
Class org.jetbrains.kotlin.tooling.core.KotlinToolingVersion$Maturity                 : loaded 2 times (x 79B)
Class org.objectweb.asm.SymbolTable$Entry                                             : loaded 2 times (x 74B)
Class org.gradle.api.internal.classpath.DefaultModuleRegistry$DefaultModuleAlias      : loaded 2 times (x 80B)
Class com.google.common.collect.SortedMapDifference                                   : loaded 2 times (x 70B)
Class com.google.common.collect.CollectPreconditions                                  : loaded 2 times (x 71B)
Class org.objectweb.asm.ModuleWriter                                                  : loaded 2 times (x 82B)
Class com.google.common.cache.LocalCache$EntryFactory$3                               : loaded 2 times (x 83B)
Class com.google.common.base.Ticker$1                                                 : loaded 2 times (x 72B)
Class com.google.common.collect.Maps$BiMapConverter                                   : loaded 2 times (x 90B)
Class com.google.common.collect.ImmutableMapEntrySet$RegularEntrySet                  : loaded 2 times (x 152B)
Class org.objectweb.asm.Edge                                                          : loaded 2 times (x 72B)
Class com.google.common.base.Suppliers$SupplierOfInstance                             : loaded 2 times (x 79B)
Class com.google.common.cache.LocalCache$ComputingValueReference                      : loaded 2 times (x 96B)
Class com.google.common.collect.ImmutableMap$IteratorBasedImmutableMap                : loaded 2 times (x 126B)
Class org.gradle.api.internal.DefaultClassPathProvider                                : loaded 2 times (x 76B)
Class org.objectweb.asm.AnnotationVisitor                                             : loaded 2 times (x 78B)
Class com.google.common.collect.ImmutableEntry                                        : loaded 2 times (x 82B)
Class [Lcom.google.common.collect.AbstractMapEntry;                                   : loaded 2 times (x 69B)
Class com.google.common.cache.CacheBuilder$3                                          : loaded 2 times (x 72B)
Class com.google.common.collect.ArrayListMultimap                                     : loaded 2 times (x 172B)
Class com.google.common.cache.LocalCache$Segment                                      : loaded 2 times (x 154B)
Class com.google.common.collect.Sets$1                                                : loaded 2 times (x 141B)
Class com.google.common.cache.CacheBuilder$2                                          : loaded 2 times (x 79B)
Class com.google.common.cache.LocalCache                                              : loaded 2 times (x 187B)
Class com.google.common.collect.AbstractListMultimap                                  : loaded 2 times (x 172B)
Class [Lorg.objectweb.asm.SymbolTable$Entry;                                          : loaded 2 times (x 69B)
Class [Lorg.objectweb.asm.Symbol;                                                     : loaded 2 times (x 69B)
Class com.google.common.collect.ImmutableSet$Builder                                  : loaded 2 times (x 85B)
Class com.google.common.cache.LocalCache$EntryFactory$4                               : loaded 2 times (x 83B)
Class [Lorg.objectweb.asm.AnnotationVisitor;                                          : loaded 2 times (x 69B)
Class org.gradle.kotlin.dsl.VersionCatalogAccessorsKt                                 : loaded 2 times (x 71B)
Class com.google.common.util.concurrent.UncheckedExecutionException                   : loaded 2 times (x 82B)
Class com.google.common.cache.CacheLoader                                             : loaded 2 times (x 74B)
Class com.google.common.collect.ImmutableBiMap                                        : loaded 2 times (x 143B)
Class org.jetbrains.kotlin.tooling.core.KotlinToolingVersion                          : loaded 2 times (x 75B)
Class org.gradle.api.internal.classpath.ModuleRegistry                                : loaded 2 times (x 70B)
Class org.objectweb.asm.ClassVisitor                                                  : loaded 2 times (x 88B)
Class ijInit1_176dll5keg5tqdkcy274g5936$_run_closure1                                 : loaded 2 times (x 140B)
Class org.gradle.internal.classpath.DefaultClassPath$ImmutableUniqueList$Builder      : loaded 2 times (x 75B)
Class com.google.common.collect.ImmutableMap                                          : loaded 2 times (x 120B)
Class com.google.common.collect.Sets$3                                                : loaded 2 times (x 141B)
Class com.google.common.cache.CacheBuilder$1                                          : loaded 2 times (x 85B)
Class com.google.common.cache.LocalCache$EntryFactory$5                               : loaded 2 times (x 83B)
Class sync_studio_tooling4_f39lzdwk26umx8bt38flr2ptv                                  : loaded 2 times (x 171B)
Class com.google.common.cache.LocalCache$LocalLoadingCache                            : loaded 2 times (x 134B)
Class com.google.common.util.concurrent.AbstractFuture$Trusted                        : loaded 2 times (x 70B)
Class [Lcom.google.common.cache.LocalCache$Strength;                                  : loaded 2 times (x 69B)
Class [Lcom.google.common.cache.LocalCache$Segment;                                   : loaded 2 times (x 69B)
Class org.gradle.internal.service.UnknownServiceException                             : loaded 2 times (x 83B)
Class org.gradle.internal.installation.GradleInstallation$1                           : loaded 2 times (x 75B)
Class com.google.common.collect.Sets$4                                                : loaded 2 times (x 141B)
Class com.google.common.collect.ImmutableSet$JdkBackedSetBuilderImpl                  : loaded 2 times (x 76B)
Class com.google.common.util.concurrent.internal.InternalFutureFailureAccess          : loaded 2 times (x 72B)
Class com.google.common.base.Ticker                                                   : loaded 2 times (x 72B)
Class org.objectweb.asm.Handler                                                       : loaded 2 times (x 72B)
Class com.google.common.collect.Sets                                                  : loaded 2 times (x 71B)
Class com.google.common.cache.Weigher                                                 : loaded 2 times (x 70B)
Class com.google.common.cache.LocalCache$EntryFactory$6                               : loaded 2 times (x 83B)
Class org.gradle.internal.installation.CurrentGradleInstallationLocator               : loaded 2 times (x 71B)
Class com.google.common.base.Strings                                                  : loaded 2 times (x 71B)
Class com.google.common.collect.ImmutableMultimap$Values                              : loaded 2 times (x 126B)
Class org.gradle.internal.classloader.FilteringClassLoader                            : loaded 2 times (x 105B)
Class com.google.common.cache.LocalCache$LocalManualCache$1                           : loaded 2 times (x 75B)
Class ijInit1_176dll5keg5tqdkcy274g5936                                               : loaded 2 times (x 171B)
Class Settings_gradle                                                                 : loaded 2 times (x 124B)
Class org.gradle.api.internal.classpath.DefaultModuleRegistry                         : loaded 2 times (x 84B)
Class org.gradle.internal.classloader.VisitableURLClassLoader                         : loaded 2 times (x 117B)
Class com.google.common.base.Supplier                                                 : loaded 2 times (x 70B)
Class com.google.common.collect.RegularImmutableMap$KeySet                            : loaded 2 times (x 152B)
Class org.objectweb.asm.Attribute                                                     : loaded 2 times (x 77B)
Class com.google.common.util.concurrent.ListenableFuture                              : loaded 2 times (x 70B)
Class com.google.common.cache.ReferenceEntry                                          : loaded 2 times (x 70B)
Class com.google.common.collect.ImmutableMultimap$Builder                             : loaded 2 times (x 86B)
Class com.google.common.collect.Maps$KeySet                                           : loaded 2 times (x 137B)
Class com.google.common.collect.ImmutableSet$EmptySetBuilderImpl                      : loaded 2 times (x 76B)
Class com.google.common.cache.LocalCache$EntryFactory$7                               : loaded 2 times (x 83B)
Class org.gradle.internal.service.DefaultServiceLocator                               : loaded 2 times (x 83B)
Class com.google.common.base.Equivalence$Identity                                     : loaded 2 times (x 82B)
Class org.objectweb.asm.ModuleVisitor                                                 : loaded 2 times (x 81B)
Class com.google.common.base.PairwiseEquivalence                                      : loaded 2 times (x 83B)
Class com.google.common.cache.LocalCache$Strength$1                                   : loaded 2 times (x 81B)
Class com.google.common.cache.LocalCache$2                                            : loaded 2 times (x 142B)
Class com.google.common.collect.AbstractMultimap                                      : loaded 2 times (x 123B)
Class com.google.common.collect.Sets$ImprovedAbstractSet                              : loaded 2 times (x 135B)
Class com.google.common.base.Converter                                                : loaded 2 times (x 90B)
Class com.google.common.base.Platform$JdkPatternCompiler                              : loaded 2 times (x 75B)
Class com.google.common.collect.AbstractMapEntry                                      : loaded 2 times (x 81B)
Class org.objectweb.asm.MethodTooLargeException                                       : loaded 2 times (x 83B)
Class org.gradle.api.internal.classpath.Module$ModuleAlias                            : loaded 2 times (x 70B)
Class com.google.common.cache.LocalCache$1                                            : loaded 2 times (x 89B)
Class com.google.common.collect.SingletonImmutableBiMap                               : loaded 2 times (x 143B)
Class Settings_gradle$1$1                                                             : loaded 2 times (x 74B)
Class com.google.common.util.concurrent.AbstractFuture$Listener                       : loaded 2 times (x 72B)
Class com.google.common.collect.ImmutableMultimap$EntryCollection                     : loaded 2 times (x 128B)
Class com.google.common.cache.LocalCache$EntryFactory$8                               : loaded 2 times (x 83B)
Class org.gradle.internal.installation.CurrentGradleInstallation                      : loaded 2 times (x 73B)
Class com.google.common.base.Ascii                                                    : loaded 2 times (x 71B)
Class org.objectweb.asm.RecordComponentWriter                                         : loaded 2 times (x 78B)
Class org.gradle.internal.service.ServiceLocator                                      : loaded 2 times (x 70B)
Class [Lorg.objectweb.asm.Type;                                                       : loaded 2 times (x 69B)
Class com.google.common.collect.Platform                                              : loaded 2 times (x 71B)
Class com.google.common.collect.ImmutableMultisetGwtSerializationDependencies         : loaded 2 times (x 125B)
Class com.google.common.collect.ImmutableEnumMap                                      : loaded 2 times (x 126B)
Class com.google.common.collect.AbstractMapBasedMultimap                              : loaded 2 times (x 139B)
Class com.google.common.util.concurrent.AbstractFuture                                : loaded 2 times (x 106B)
Class [Lcom.google.common.cache.CacheBuilder$OneWeigher;                              : loaded 2 times (x 69B)
Class com.google.common.base.FunctionalEquivalence                                    : loaded 2 times (x 83B)
Class com.google.common.collect.ListMultimap                                          : loaded 2 times (x 70B)
Class com.google.common.base.Suppliers                                                : loaded 2 times (x 71B)
Class com.google.common.cache.CacheStats                                              : loaded 2 times (x 71B)
Class org.objectweb.asm.AnnotationWriter                                              : loaded 2 times (x 79B)
Class com.google.common.collect.ImmutableMultiset                                     : loaded 2 times (x 163B)
Class org.objectweb.asm.RecordComponentVisitor                                        : loaded 2 times (x 77B)
Class com.google.common.cache.CacheLoader$1                                           : loaded 2 times (x 75B)
Class org.gradle.util.internal.GUtil                                                  : loaded 2 times (x 71B)
Class com.google.common.cache.CacheLoader$SupplierToCacheLoader                       : loaded 2 times (x 75B)
Class org.gradle.internal.classloader.ClassLoaderSpec                                 : loaded 2 times (x 71B)
Class com.google.common.collect.RegularImmutableMap$Values                            : loaded 2 times (x 207B)
Class com.google.common.base.MoreObjects                                              : loaded 2 times (x 71B)
Class com.google.common.collect.BaseImmutableMultimap                                 : loaded 2 times (x 123B)
Class com.google.common.collect.EmptyImmutableListMultimap                            : loaded 2 times (x 176B)
Class org.gradle.internal.classloader.DefaultClassLoaderFactory                       : loaded 2 times (x 82B)
Class org.objectweb.asm.Symbol                                                        : loaded 2 times (x 73B)
Class org.gradle.internal.service.ServiceLookupException                              : loaded 2 times (x 82B)
Class [Lorg.jetbrains.kotlin.tooling.core.KotlinToolingVersion$Maturity;              : loaded 2 times (x 69B)
Class [Lcom.google.common.cache.LocalCache$EntryFactory;                              : loaded 2 times (x 69B)
Class org.gradle.internal.classloader.ClassLoaderFactory                              : loaded 2 times (x 70B)
Class org.gradle.internal.classpath.DefaultClassPath                                  : loaded 2 times (x 90B)
Class org.gradle.internal.classloader.VisitableURLClassLoader$Spec                    : loaded 2 times (x 74B)
Class com.google.common.cache.AbstractCache$StatsCounter                              : loaded 2 times (x 70B)
Class [Lcom.google.common.cache.CacheBuilder$NullListener;                            : loaded 2 times (x 69B)
Class org.objectweb.asm.ByteVector                                                    : loaded 2 times (x 79B)
Class com.google.common.math.IntMath$1                                                : loaded 2 times (x 71B)
Class com.google.common.base.CommonPattern                                            : loaded 2 times (x 74B)
Class com.google.common.cache.LocalCache$LocalManualCache                             : loaded 2 times (x 99B)
Class com.google.common.cache.CacheLoader$FunctionToCacheLoader                       : loaded 2 times (x 75B)
Class com.google.common.collect.ImmutableListMultimap                                 : loaded 2 times (x 176B)
Class org.gradle.internal.service.CachingServiceLocator                               : loaded 2 times (x 82B)
Class sync_studio_tooling4_f39lzdwk26umx8bt38flr2ptv$_run_closure1                    : loaded 2 times (x 139B)
Class org.gradle.internal.classloader.VisitableURLClassLoader$InstrumentingVisitableURLClassLoader: loaded 2 times (x 123B)
Class org.objectweb.asm.Type                                                          : loaded 2 times (x 72B)
Class com.google.common.util.concurrent.SettableFuture                                : loaded 2 times (x 114B)
Class com.google.common.cache.LocalCache$Strength$2                                   : loaded 2 times (x 81B)
Class org.jetbrains.kotlin.tooling.core.KotlinToolingVersionKt                        : loaded 2 times (x 71B)
Class org.gradle.internal.installation.GradleInstallation                             : loaded 2 times (x 75B)
Class com.google.common.collect.AbstractMapBasedMultimap$KeySet                       : loaded 2 times (x 137B)
Class com.google.common.math.IntMath                                                  : loaded 2 times (x 71B)
Class com.google.common.cache.LocalCache$StrongValueReference                         : loaded 2 times (x 90B)
Class com.google.common.collect.Sets$SetView                                          : loaded 2 times (x 139B)
Class com.google.common.collect.ImmutableMapEntry                                     : loaded 2 times (x 85B)
Class com.google.common.collect.ImmutableMultimap                                     : loaded 2 times (x 147B)
Class com.google.common.collect.Maps$8                                                : loaded 2 times (x 82B)
Class [Lorg.objectweb.asm.AnnotationWriter;                                           : loaded 2 times (x 69B)
Class com.google.common.base.Equivalence                                              : loaded 2 times (x 82B)
Class com.google.common.collect.Iterables                                             : loaded 2 times (x 71B)
Class org.gradle.internal.classloader.InstrumentingClassLoader                        : loaded 2 times (x 70B)
Class org.gradle.internal.classpath.TransformedClassPath                              : loaded 2 times (x 96B)
Class com.google.common.cache.CacheBuilder$NullListener                               : loaded 2 times (x 82B)
Class org.objectweb.asm.FieldWriter                                                   : loaded 2 times (x 78B)
Class com.google.common.collect.ImmutableMapEntry$NonTerminalImmutableMapEntry        : loaded 2 times (x 85B)
Class com.google.common.collect.IndexedImmutableSet$1                                 : loaded 2 times (x 213B)
Class com.google.common.cache.CacheBuilder$OneWeigher                                 : loaded 2 times (x 82B)
Class com.google.common.base.Platform                                                 : loaded 2 times (x 71B)
Class org.gradle.internal.classloader.ClasspathUtil                                   : loaded 2 times (x 71B)
Class com.google.common.collect.MapDifference                                         : loaded 2 times (x 70B)
Class com.google.common.cache.LocalCache$Strength$3                                   : loaded 2 times (x 81B)
Class com.google.common.cache.LocalCache$LoadingValueReference                        : loaded 2 times (x 96B)
Class com.google.common.util.concurrent.Uninterruptibles                              : loaded 2 times (x 71B)
Class com.google.common.util.concurrent.LazyLogger                                    : loaded 2 times (x 72B)
Class [Lcom.google.common.collect.ImmutableEntry;                                     : loaded 2 times (x 69B)
Class sync_studio_tooling11_dut2j0lzlugnv1571hri1gwt2                                 : loaded 2 times (x 171B)
Class com.google.common.collect.Maps                                                  : loaded 2 times (x 71B)
Class org.gradle.api.specs.Spec                                                       : loaded 2 times (x 70B)
Class [Lcom.google.common.collect.ImmutableMapEntry;                                  : loaded 2 times (x 69B)

---------------  S Y S T E M  ---------------

OS:
 Windows 11 , 64 bit Build 26100 (10.0.26100.8875)
OS uptime: 13 days 22:06 hours
Hyper-V role detected

CPU: total 12 (initial active 12) (6 cores per cpu, 2 threads per core) family 6 model 141 stepping 1 microcode 0x58, cx8, cmov, fxsr, ht, mmx, 3dnowpref, sse, sse2, sse3, ssse3, sse4.1, sse4.2, popcnt, lzcnt, tsc, tscinvbit, avx, avx2, aes, erms, clmul, bmi1, bmi2, adx, avx512f, avx512dq, avx512cd, avx512bw, avx512vl, sha, fma, vzeroupper, avx512_vpopcntdq, avx512_vpclmulqdq, avx512_vaes, avx512_vnni, clflush, clflushopt, clwb, avx512_vbmi2, avx512_vbmi, hv, rdtscp, rdpid, fsrm, gfni, avx512_bitalg, f16c, cet_ibt, cet_ss, avx512_ifma
Processor Information for the first 12 processors :
  Max Mhz: 2611, Current Mhz: 2611, Mhz Limit: 2611

Memory: 4k page, system-wide physical 32494M (4924M free)
TotalPageFile size 44494M (AvailPageFile size 757M)
current process WorkingSet (physical memory assigned to process): 707M, peak: 752M
current process commit charge ("private bytes"): 832M, peak: 880M

vm_info: OpenJDK 64-Bit Server VM (21.0.10+-14961533-b1163.108) for windows-amd64 JRE (21.0.10+-14961533-b1163.108), built on 2026-03-02T19:58:50Z by "builder" with MS VC++ 16.10 / 16.11 (VS2019)

END.
